-- GENERAL --

SET @BOT_START = 90000;
SET @BOT_END   = 91000;

delete from `creature_template` where entry between @BOT_START and @BOT_END;
-- `difficulty_entry_1`, `difficulty_entry_2`, `difficulty_entry_3`, `KillCredit1`, `KillCredit2` = 0,0,0,0,0
-- `faction` = `faction_A`, `faction_H`
-- `BaseVariance`, `RangeVariance`, = 1,1,
-- `HoverHeight`, `HealthModifier`, `ManaModifier`, `ArmorModifier`, `DamageModifier`, `ExperienceModifier`,
INSERT INTO `creature_template` (`entry`, `modelid1`, `modelid2`, `modelid3`, `modelid4`, `name`, `subname`, `IconName`, `gossip_menu_id`, `minlevel`, `maxlevel`, `exp`, `faction_A`, `faction_H`, `npcflag`, `speed_walk`, `speed_run`, `scale`, `rank`, `dmgschool`, `BaseAttackTime`, `RangeAttackTime`, `unit_class`, `unit_flags`, `unit_flags2`, `dynamicflags`, `family`, `trainer_type`, `trainer_spell`, `trainer_class`, `trainer_race`, `type`, `type_flags`, `lootid`, `pickpocketloot`, `skinloot`, `resistance1`, `resistance2`, `resistance3`, `resistance4`, `resistance5`, `resistance6`, `spell1`, `spell2`, `spell3`, `spell4`, `spell5`, `spell6`, `spell7`, `spell8`, `PetSpellDataId`, `VehicleId`, `mingold`, `maxgold`, `AIName`, `MovementType`, `InhabitType`, `RacialLeader`, `movementId`, `RegenHealth`, `mechanic_immune_mask`, `flags_extra`, `ScriptName`, `WDBVerified`) VALUES
 (@BOT_START+0001,5001,0,5001,0,'Khelden','Mage Bot','',0,1,90,2,14,14,1,1.2,1.3,1,0,0,3800,2000,8,0,16384,0,0,0,0,8,1,7,0,0,0,0,0,0,0,0,0,0,0,0,0,0,0,0,0,0,0,0,0,0,'',0,3,0,0,0,1,68157552,'mage_bot',-1),
 (@BOT_START+0002,1294,0,1294,0,'Zaldimar','Mage Bot','',0,1,90,2,14,14,1,1.2,1.3,1,0,0,3800,2000,8,0,16384,0,0,0,0,8,1,7,0,0,0,0,0,0,0,0,0,0,0,0,0,0,0,0,0,0,0,0,0,0,'',0,3,0,0,0,1,68157552,'mage_bot',-1),
 (@BOT_START+0003,1484,0,1484,0,'Maginor','Mage Bot','',0,1,90,2,14,14,1,1.2,1.3,1,0,0,3800,2000,8,0,16384,0,0,0,0,8,1,7,0,0,0,0,0,0,0,0,0,0,0,0,0,0,0,0,0,0,0,0,0,0,'',0,3,0,0,0,1,68157552,'mage_bot',-1),
 (@BOT_START+0004,3344,0,3344,0,'Anetta','Priest Bot','',0,1,90,2,14,14,1,1.2,1.3,1,0,0,3600,2000,8,0,16384,0,0,0,0,5,1,7,0,0,0,0,0,0,0,0,0,0,0,0,0,0,0,0,0,0,0,0,0,0,'',0,3,0,0,0,1,68157552,'priest_bot',-1),
 (@BOT_START+0005,1495,0,1495,0,'Laurena','Priest Bot','',0,1,90,2,14,14,1,1.2,1.3,1,0,0,3600,2000,8,0,16384,0,0,0,0,5,1,7,0,0,0,0,0,0,0,0,0,0,0,0,0,0,0,0,0,0,0,0,0,0,'',0,3,0,0,0,1,68157552,'priest_bot',-1),
 (@BOT_START+0006,1295,0,1295,0,'Josetta','Priest Bot','',0,1,90,2,14,14,1,1.2,1.3,1,0,0,3600,2000,8,0,16384,0,0,0,0,5,1,7,0,0,0,0,0,0,0,0,0,0,0,0,0,0,0,0,0,0,0,0,0,0,'',0,3,0,0,0,1,68157552,'priest_bot',-1),
 (@BOT_START+0007,3345,0,3345,0,'Drusilla','Warlock Bot','',0,1,90,2,14,14,1,1.2,1.3,1,0,0,3500,2000,8,0,16384,0,0,0,0,9,1,7,0,0,0,0,0,0,0,0,0,0,0,0,0,0,0,0,0,0,0,0,0,0,'',0,3,0,0,0,1,68157552,'warlock_bot',-1),
 (@BOT_START+0008,1930,0,1930,0,'Alamar','Warlock Bot','',0,1,90,2,14,14,1,1.2,1.3,1,0,0,3500,2000,8,0,16384,0,0,0,0,9,7,7,0,0,0,0,0,0,0,0,0,0,0,0,0,0,0,0,0,0,0,0,0,0,'',0,3,0,0,0,1,68157552,'warlock_bot',-1),
 (@BOT_START+0009,1469,0,1469,0,'Demisette','Warlock Bot','',0,1,90,2,14,14,1,1.2,1.3,1,0,0,3500,2000,8,0,16384,0,0,0,0,9,1,7,0,0,0,0,0,0,0,0,0,0,0,0,0,0,0,0,0,0,0,0,0,0,'',0,3,0,0,0,1,68157552,'warlock_bot',-1),
 (@BOT_START+0010,12749,0,12749,0,'Nalesette','Hunter Bot','',0,1,90,2,14,14,1,1.2,1.3,1,0,0,2800,2000,2,0,16384,0,0,3,0,3,4,7,0,0,0,0,0,0,0,0,0,0,0,0,0,0,0,0,0,0,0,0,0,0,'',0,3,0,0,0,1,68157552,'hunter_bot',-1),
 (@BOT_START+0011,3401,0,3401,0,'Branstock','Priest Bot','',0,1,90,2,14,14,1,1.2,1.3,1,0,0,3600,2000,8,0,16384,0,0,0,0,5,3,7,0,0,0,0,0,0,0,0,0,0,0,0,0,0,0,0,0,0,0,0,0,0,'',0,3,0,0,0,1,68157552,'priest_bot',-1),
 (@BOT_START+0012,3395,0,3395,0,'Thorgas','Hunter Bot','',0,1,90,2,14,14,1,1.2,1.3,1,0,0,2800,2000,2,0,16384,0,0,0,0,3,3,7,0,0,0,0,0,0,0,0,0,0,0,0,0,0,0,0,0,0,0,0,0,0,'',0,3,0,0,0,1,68157552,'hunter_bot',-1),
 (@BOT_START+0013,3343,0,3343,0,'Llane','Warrior Bot','',0,1,90,2,14,14,1,1.2,1.3,1,0,0,3400,2000,1,0,16384,0,0,0,0,1,1,7,0,0,0,0,0,0,0,0,0,0,0,0,0,0,0,0,0,0,0,0,0,0,'',0,3,0,0,0,1,68157552,'warrior_bot',-1),
 (@BOT_START+0014,3399,0,3399,0,'Thran','Warrior Bot','',0,1,90,2,14,14,1,1.2,1.3,1,0,0,3400,2000,1,0,16384,0,0,0,0,1,3,7,0,0,0,0,0,0,0,0,0,0,0,0,0,0,0,0,0,0,0,0,0,0,'',0,3,0,0,0,1,68157552,'warrior_bot',-1),
 (@BOT_START+0015,1300,0,1300,0,'Lyria','Warrior Bot','',0,1,90,2,14,14,1,1.2,1.3,1,0,0,3400,2000,1,0,16384,0,0,0,0,1,1,7,0,0,0,0,0,0,0,0,0,0,0,0,0,0,0,0,0,0,0,0,0,0,'',0,3,0,0,0,1,68157552,'warrior_bot',-1),
 (@BOT_START+0016,3351,0,3351,0,'Jorik','Rogue Bot','',0,1,90,2,14,14,1,1.2,1.3,1,0,0,1600,2000,4,0,16384,0,0,0,0,4,1,7,0,0,0,0,0,0,0,0,0,0,0,0,0,0,0,0,0,0,0,0,0,0,'',0,3,0,0,0,1,68157552,'rogue_bot',-1),
 (@BOT_START+0017,3407,0,3407,0,'Solm','Rogue Bot','',0,1,90,2,14,14,1,1.2,1.3,1,0,0,1600,2000,4,0,16384,0,0,0,0,4,3,7,0,0,0,0,0,0,0,0,0,0,0,0,0,0,0,0,0,0,0,0,0,0,'',0,3,0,0,0,1,68157552,'rogue_bot',-1),
 (@BOT_START+0018,1297,0,1297,0,'Keryn','Rogue Bot','',0,1,90,2,14,14,1,1.2,1.3,1,0,0,1600,2000,4,0,16384,0,0,0,0,4,1,7,0,0,0,0,0,0,0,0,0,0,0,0,0,0,0,0,0,0,0,0,0,0,'',0,3,0,0,0,1,68157552,'rogue_bot',-1),
 (@BOT_START+0019,1507,0,1507,0,'Osborne','Rogue Bot','',0,1,90,2,14,14,1,1.2,1.3,1,0,0,1600,2000,4,0,16384,0,0,0,0,4,1,7,0,0,0,0,0,0,0,0,0,0,0,0,0,0,0,0,0,0,0,0,0,0,'',0,3,0,0,0,1,68157552,'rogue_bot',-1),
 (@BOT_START+0020,3346,0,3346,0,'Sammuel','Paladin Bot','',0,1,90,2,14,14,1,1.2,1.3,1,0,0,2300,2000,2,0,16384,0,0,0,0,2,1,7,0,0,0,0,0,0,0,0,0,0,0,0,0,0,0,0,0,0,0,0,0,0,'',0,3,0,0,0,1,68157552,'paladin_bot',-1),
 (@BOT_START+0021,3393,0,3393,0,'Bob','Paladin Bot','',0,1,90,2,14,14,1,1.2,1.3,1,0,0,2300,2000,2,0,16384,0,0,0,0,2,3,7,0,0,0,0,0,0,0,0,0,0,0,0,0,0,0,0,0,0,0,0,0,0,'',0,3,0,0,0,1,68157552,'paladin_bot',-1),
 (@BOT_START+0022,1299,0,1299,0,'Wilhelm','Paladin Bot','',0,1,90,2,14,14,1,1.2,1.3,1,0,0,2300,2000,2,0,16384,0,0,0,0,2,1,7,0,0,0,0,0,0,0,0,0,0,0,0,0,0,0,0,0,0,0,0,0,0,'',0,3,0,0,0,1,68157552,'paladin_bot',-1),
 (@BOT_START+0023,1499,0,1499,0,'Brisombre','Paladin Bot','',0,1,90,2,14,14,1,1.2,1.3,1,0,0,2300,2000,2,0,16384,0,0,0,0,2,1,7,0,0,0,0,0,0,0,0,0,0,0,0,0,0,0,0,0,0,0,0,0,0,'',0,3,0,0,0,1,68157552,'paladin_bot',-1),
 (@BOT_START+0024,10216,0,10216,0,'Marry','Mage Bot','',0,1,90,2,14,14,1,1.2,1.3,1,0,0,3800,2000,8,0,16384,0,0,0,0,8,7,7,0,0,0,0,0,0,0,0,0,0,0,0,0,0,0,0,0,0,0,0,0,0,'',0,3,0,0,0,1,68157552,'mage_bot',-1),
 (@BOT_START+0025,4552,0,4552,0,'Haromm','Shaman Bot','',0,1,90,2,14,14,1,1.2,1.3,1,0,0,2600,2000,2,0,16384,0,0,0,0,7,2,7,0,0,0,0,0,0,0,0,0,0,0,0,0,0,0,0,0,0,0,0,0,0,'',0,3,0,0,0,1,68157552,'shaman_bot',-1),
 (@BOT_START+0026,4567,0,4567,0,'Kartosh','Warlock Bot','',0,1,90,2,14,14,1,1.2,1.3,1,0,0,3500,2000,8,0,16384,0,0,0,0,9,2,7,0,0,0,0,0,0,0,0,0,0,0,0,0,0,0,0,0,0,0,0,0,0,'',0,3,0,0,0,1,68157552,'warlock_bot',-1),
 (@BOT_START+0027,3429,0,3429,0,'MaxanAnvol','Priest Bot','',0,1,90,2,14,14,1,1.2,1.3,1,0,0,3600,2000,8,0,16384,0,0,0,0,5,3,7,0,0,0,0,0,0,0,0,0,0,0,0,0,0,0,0,0,0,0,0,0,0,'',0,3,0,0,0,1,68157552,'priest_bot',-1),
 (@BOT_START+0028,10215,0,10215,0,'Magis','Mage Bot','',0,1,90,2,14,14,1,1.2,1.3,1,0,0,3800,2000,8,0,16384,0,0,0,0,8,7,7,0,0,0,0,0,0,0,0,0,0,0,0,0,0,0,0,0,0,0,0,0,0,'',0,3,0,0,0,1,68157552,'mage_bot',-1),
 (@BOT_START+0029,3431,0,3431,0,'GranVivehache','Warrior Bot','',0,1,90,2,14,14,1,1.2,1.3,1,0,0,3400,2000,1,0,16384,0,0,0,0,1,3,7,0,0,0,0,0,0,0,0,0,0,0,0,0,0,0,0,0,0,0,0,0,0,'',0,3,0,0,0,1,68157552,'warrior_bot',-1),
 (@BOT_START+0030,1622,0,1622,0,'Azar','Paladin Bot','',0,1,90,2,14,14,1,1.2,1.3,1,0,0,2300,2000,2,0,16384,0,0,0,0,2,3,7,0,0,0,0,0,0,0,0,0,0,0,0,0,0,0,0,0,0,0,0,0,0,'',0,3,0,0,0,1,68157552,'paladin_bot',-1),
 (@BOT_START+0031,3436,0,3436,0,'Hogral','Rogue Bot','',0,1,90,2,14,14,1,1.2,1.3,1,0,0,1600,2000,4,0,16384,0,0,0,0,4,3,7,0,0,0,0,0,0,0,0,0,0,0,0,0,0,0,0,0,0,0,0,0,0,'',0,3,0,0,0,1,68157552,'rogue_bot',-1),
 (@BOT_START+0032,3053,0,3053,0,'Kelstrum','Warrior Bot','',0,1,90,2,14,14,1,1.2,1.3,1,0,0,3400,2000,1,0,16384,0,0,0,0,1,3,7,0,0,0,0,0,0,0,0,0,0,0,0,0,0,0,0,0,0,0,0,0,0,'',0,3,0,0,0,1,68157552,'warrior_bot',-1),
 (@BOT_START+0033,1578,0,1578,0,'Dannal','Warrior Bot','',0,1,90,2,14,14,1,1.2,1.3,1,0,0,3400,2000,1,0,16384,0,0,0,0,1,5,7,0,0,0,0,0,0,0,0,0,0,0,0,0,0,0,0,0,0,0,0,0,0,'',0,3,0,0,0,1,68157552,'warrior_bot',-1),
 (@BOT_START+0034,1579,0,1579,0,'SombreDuesten','Priest Bot','',0,1,90,2,14,14,1,1.2,1.3,1,0,0,3600,2000,8,0,16384,0,0,0,0,5,5,7,0,0,0,0,0,0,0,0,0,0,0,0,0,0,0,0,0,0,0,0,0,0,'',0,3,0,0,0,1,68157552,'priest_bot',-1),
 (@BOT_START+0035,1592,0,1592,0,'Isabella','Mage Bot','',0,1,90,2,14,14,1,1.2,1.3,1,0,0,3800,2000,8,0,16384,0,0,0,0,8,5,7,0,0,0,0,0,0,0,0,0,0,0,0,0,0,0,0,0,0,0,0,0,0,'',0,3,0,0,0,1,68157552,'mage_bot',-1),
 (@BOT_START+0036,1581,0,1581,0,'Maximillion','Warlock Bot','',0,1,90,2,14,14,1,1.2,1.3,1,0,0,3500,2000,8,0,16384,0,0,0,0,9,5,7,0,0,0,0,0,0,0,0,0,0,0,0,0,0,0,0,0,0,0,0,0,0,'',0,3,0,0,0,1,68157552,'warlock_bot',-1),
 (@BOT_START+0037,1604,0,1604,0,'Rupert','Warlock Bot','',0,1,90,2,14,14,1,1.2,1.3,1,0,0,3500,2000,8,0,16384,0,0,0,0,9,5,7,0,0,0,0,0,0,0,0,0,0,0,0,0,0,0,0,0,0,0,0,0,0,'',0,3,0,0,0,1,68157552,'warlock_bot',-1),
 (@BOT_START+0038,1600,0,1600,0,'Cain','Mage Bot','',0,1,90,2,14,14,1,1.2,1.3,1,0,0,3800,2000,8,0,16384,0,0,0,0,8,5,7,0,0,0,0,0,0,0,0,0,0,0,0,0,0,0,0,0,0,0,0,0,0,'',0,3,0,0,0,1,68157552,'mage_bot',-1),
 (@BOT_START+0039,1602,0,1602,0,'SombreBeryl','Priest Bot','',0,1,90,2,14,14,1,1.2,1.3,1,0,0,3600,2000,8,0,16384,0,0,0,0,5,5,7,0,0,0,0,0,0,0,0,0,0,0,0,0,0,0,0,0,0,0,0,0,0,'',0,3,0,0,0,1,68157552,'priest_bot',-1),
 (@BOT_START+0041,10548,0,10548,0,'Milituus','Mage Bot','',0,1,90,2,14,14,1,1.2,1.3,1,0,0,3800,2000,8,0,16384,0,0,0,0,8,7,7,0,0,0,0,0,0,0,0,0,0,0,0,0,0,0,0,0,0,0,0,0,0,'',0,3,0,0,0,1,68157552,'mage_bot',-1),
 (@BOT_START+0042,2810,0,2810,0,'Lexington','Mage Bot','',0,1,90,2,14,14,1,1.2,1.3,1,0,0,3800,2000,8,0,16384,0,0,0,0,8,5,7,0,0,0,0,0,0,0,0,0,0,0,0,0,0,0,0,0,0,0,0,0,0,'',0,3,0,0,0,1,68157552,'mage_bot',-1),
 (@BOT_START+0043,2123,0,2123,0,'Siln','Shaman Bot','',0,1,90,2,14,14,1,1.2,1.3,1,0,0,2600,2000,2,0,16384,0,0,0,0,7,6,7,0,0,0,0,0,0,0,0,0,0,0,0,0,0,0,0,0,0,0,0,0,0,'',0,3,0,0,0,1,68157552,'shaman_bot',-1),
 (@BOT_START+0044,19598,0,19598,0,'Umbrua','Shaman Bot','',0,1,90,2,14,14,1,1.2,1.3,1,0,0,2600,2000,2,0,16384,0,0,0,0,7,11,7,0,0,0,0,0,0,0,0,0,0,0,0,0,0,0,0,0,0,0,0,0,0,'',0,3,0,0,0,1,68157552,'shaman_bot',-1),
 (@BOT_START+0045,2102,0,2102,0,'Tigor','Shaman Bot','',0,1,90,2,14,14,1,1.2,1.3,1,0,0,2600,2000,2,0,16384,0,0,0,0,7,6,7,0,0,0,0,0,0,0,0,0,0,0,0,0,0,0,0,0,0,0,0,0,0,'',0,3,0,0,0,1,68157552,'shaman_bot',-1),
 (@BOT_START+0046,2082,0,2082,0,'Beram','Shaman Bot','',0,1,90,2,14,14,1,1.2,1.3,1,0,0,2600,2000,2,0,16384,0,0,0,0,7,6,7,0,0,0,0,0,0,0,0,0,0,0,0,0,0,0,0,0,0,0,0,0,0,'',0,3,0,0,0,1,68157552,'shaman_bot',-1),
 (@BOT_START+0047,2106,0,2106,0,'Turak','Druid Bot','',0,1,90,2,14,14,1,1.2,1.3,1,0,0,2200,2000,2,0,16384,0,0,0,0,11,6,7,0,0,0,0,0,0,0,0,0,0,0,0,0,0,0,0,0,0,0,0,0,0,'',0,3,0,0,0,1,68157552,'druid_bot',-1),
 (@BOT_START+0048,2121,0,2121,0,'Sheal','Druid Bot','',0,1,90,2,14,14,1,1.2,1.3,1,0,0,2200,2000,2,0,16384,0,0,0,0,11,6,7,0,0,0,0,0,0,0,0,0,0,0,0,0,0,0,0,0,0,0,0,0,0,'',0,3,0,0,0,1,68157552,'druid_bot',-1),
 (@BOT_START+0049,2115,0,2115,0,'Kym','Druid Bot','',0,1,90,2,14,14,1,1.2,1.3,1,0,0,2200,2000,2,0,16384,0,0,0,0,11,6,7,0,0,0,0,0,0,0,0,0,0,0,0,0,0,0,0,0,0,0,0,0,0,'',0,3,0,0,0,1,68157552,'druid_bot',-1),
 (@BOT_START+0050,2112,0,2112,0,'Kary','Hunter Bot','',0,1,90,2,14,14,1,1.2,1.3,1,0,0,2800,2000,2,0,16384,0,0,0,0,3,6,7,0,0,0,0,0,0,0,0,0,0,0,0,0,0,0,0,0,0,0,0,0,0,'',0,3,0,0,0,1,68157552,'hunter_bot',-1),
 (@BOT_START+0051,2087,0,2087,0,'Holt','Hunter Bot','',0,1,90,2,14,14,1,1.2,1.3,1,0,0,2800,2000,2,0,16384,0,0,0,0,3,6,7,0,0,0,0,0,0,0,0,0,0,0,0,0,0,0,0,0,0,0,0,0,0,'',0,3,0,0,0,1,68157552,'hunter_bot',-1),
 (@BOT_START+0052,2105,0,2105,0,'Urek','Hunter Bot','',0,1,90,2,14,14,1,1.2,1.3,1,0,0,2800,2000,2,0,16384,0,0,0,0,3,6,7,0,0,0,0,0,0,0,0,0,0,0,0,0,0,0,0,0,0,0,0,0,0,'',0,3,0,0,0,1,68157552,'hunter_bot',-1),
 (@BOT_START+0053,2103,0,2103,0,'Torm','Warrior Bot','',0,1,90,2,14,14,1,1.2,1.3,1,0,0,3400,2000,1,0,16384,0,0,0,0,1,6,7,0,0,0,0,0,0,0,0,0,0,0,0,0,0,0,0,0,0,0,0,0,0,'',0,3,0,0,0,1,68157552,'warrior_bot',-1),
 (@BOT_START+0054,2096,0,2096,0,'Sark','Warrior Bot','',0,1,90,2,14,14,1,1.2,1.3,1,0,0,3400,2000,1,0,16384,0,0,0,0,1,6,7,0,0,0,0,0,0,0,0,0,0,0,0,0,0,0,0,0,0,0,0,0,0,'',0,3,0,0,0,1,68157552,'warrior_bot',-1),
 (@BOT_START+0055,17211,0,17211,0,'Kerra','Warrior Bot','',0,1,90,2,14,14,1,1.2,1.3,1,0,0,3400,2000,1,0,16384,0,0,0,0,1,6,7,0,0,0,0,0,0,0,0,0,0,0,0,0,0,0,0,0,0,0,0,0,0,'',0,3,0,0,0,1,68157552,'warrior_bot',-1),
 (@BOT_START+0056,2139,0,2139,0,'Miles Welsh','Priest Bot','',0,1,90,2,14,14,1,1.2,1.3,1,0,0,3600,2000,8,0,16384,0,0,0,0,5,5,7,0,0,0,0,0,0,0,0,0,0,0,0,0,0,0,0,0,0,0,0,0,0,'',0,3,0,0,0,1,68157552,'priest_bot',-1),
 (@BOT_START+0057,2138,0,2138,0,'Malakai','Priest Bot','',0,1,90,2,14,14,1,1.2,1.3,1,0,0,3600,2000,8,0,16384,0,0,0,0,5,5,7,0,0,0,0,0,0,0,0,0,0,0,0,0,0,0,0,0,0,0,0,0,0,'',0,3,0,0,0,1,68157552,'priest_bot',-1),
 (@BOT_START+0058,2137,0,2137,0,'Cobb','Priest Bot','',0,1,90,2,14,14,1,1.2,1.3,1,0,0,3600,2000,8,0,16384,0,0,0,0,5,5,7,0,0,0,0,0,0,0,0,0,0,0,0,0,0,0,0,0,0,0,0,0,0,'',0,3,0,0,0,1,68157552,'priest_bot',-1),
 (@BOT_START+0059,2134,0,2134,0,'Shymm','Mage Bot','',0,1,90,2,14,14,1,1.2,1.3,1,0,0,3800,2000,8,0,16384,0,0,0,0,8,5,7,1,0,0,0,0,0,0,0,0,0,0,143,145,0,0,0,0,0,0,0,0,0,'',0,3,0,0,0,1,68157552,'mage_bot',-1),
 (@BOT_START+0060,6058,0,6058,0,'Ursyn','Mage Bot','',0,1,90,2,14,14,1,1.2,1.3,1,0,0,3800,2000,8,0,16384,0,0,0,0,8,5,7,0,0,0,0,0,0,0,0,0,0,0,0,0,0,0,0,0,0,0,0,0,0,'',0,3,0,0,0,1,68157552,'mage_bot',-1),
 (@BOT_START+0061,2135,0,2135,0,'Thurston','Mage Bot','',0,1,90,2,14,14,1,1.2,1.3,1,0,0,3800,2000,8,0,16384,0,0,0,0,8,5,7,0,0,0,0,0,0,0,0,0,0,0,0,0,0,0,0,0,0,0,0,0,0,'',0,3,0,0,0,1,68157552,'mage_bot',-1),
 (@BOT_START+0062,3793,0,3793,0,'Harutt','Warrior Bot','',0,1,90,2,14,14,1,1.2,1.3,1,0,0,3400,2000,1,0,16384,0,0,0,0,1,6,7,0,0,0,0,0,0,0,0,0,0,0,0,0,0,0,0,0,0,0,0,0,0,'',0,3,0,0,0,1,68157552,'warrior_bot',-1),
 (@BOT_START+0063,3819,0,3819,0,'Gart','Druid Bot','',0,1,90,2,14,14,1,1.2,1.3,1,0,0,2200,2000,2,0,16384,0,0,0,0,11,6,7,8,0,0,0,0,0,0,0,0,0,0,0,0,0,0,0,0,0,0,0,0,0,'',0,3,0,0,0,1,68157552,'druid_bot',-1),
 (@BOT_START+0064,3810,0,3810,0,'Lanka','Hunter Bot','',0,1,90,2,14,14,1,1.2,1.3,1,0,0,2800,2000,2,0,16384,0,0,0,0,3,6,7,0,0,0,0,0,0,0,0,0,0,0,0,0,0,0,0,0,0,0,0,0,0,'',0,3,0,0,0,1,68157552,'hunter_bot',-1),
 (@BOT_START+0065,10180,0,10180,0,'Meela','Shaman Bot','',0,1,90,2,14,14,1,1.2,1.3,1,0,0,2600,2000,2,0,16384,0,0,0,0,7,6,7,0,0,0,0,0,0,0,0,0,0,0,0,0,0,0,0,0,0,0,0,0,0,'',0,3,0,0,0,1,68157552,'shaman_bot',-1),
 (@BOT_START+0066,3794,0,3794,0,'Krang','Warrior Bot','',0,1,90,2,14,14,1,1.2,1.3,1,0,0,3400,2000,1,0,16384,0,0,0,0,1,6,7,0,0,0,0,0,0,0,0,0,0,0,0,0,0,0,0,0,0,0,0,0,0,'',0,3,0,0,0,1,68157552,'warrior_bot',-1),
 (@BOT_START+0067,10734,0,10734,0,'Gennia','Druid Bot','',0,1,90,2,14,14,1,1.2,1.3,1,0,0,2200,2000,2,0,16384,0,0,0,0,11,6,7,0,0,0,0,0,0,0,0,0,0,0,0,0,0,0,0,0,0,0,0,0,0,'',0,3,0,0,0,1,68157552,'druid_bot',-1),
 (@BOT_START+0068,3811,0,3811,0,'Yaw','Hunter Bot','',0,1,90,2,14,14,1,1.2,1.3,1,0,0,2800,2000,2,0,16384,0,0,0,0,3,6,7,0,0,0,0,0,0,0,0,0,0,0,0,0,0,0,0,0,0,0,0,0,0,'',0,3,0,0,0,1,68157552,'hunter_bot',-1),
 (@BOT_START+0069,3816,0,3816,0,'Narm','Shaman Bot','',0,1,90,2,14,14,1,1.2,1.3,1,0,0,2600,2000,2,0,16384,0,0,0,0,7,6,7,0,0,0,0,0,0,0,0,0,0,0,0,0,0,0,0,0,0,0,0,0,0,'',0,3,0,0,0,1,68157552,'shaman_bot',-1),
 (@BOT_START+0070,1880,0,1880,0,'Frang','Warrior Bot','',0,1,90,2,14,14,1,1.2,1.3,1,0,0,3400,2000,1,0,16384,0,0,0,0,1,2,7,0,0,0,0,0,0,0,0,0,0,0,0,0,0,0,0,0,0,0,0,0,0,'',0,3,0,0,0,1,68157552,'warrior_bot',-1),
 (@BOT_START+0071,1882,0,1882,0,'Jenshan','Hunter Bot','',0,1,90,2,14,14,1,1.2,1.3,1,0,0,2800,2000,2,0,16384,0,0,0,0,3,8,7,0,0,0,0,0,0,0,0,0,0,0,0,0,0,0,0,0,0,0,0,0,0,'',0,3,0,0,0,1,68157552,'hunter_bot',-1),
 (@BOT_START+0072,1884,0,1884,0,'Nartok','Warlock Bot','',0,1,90,2,14,14,1,1.2,1.3,1,0,0,3500,2000,8,0,16384,0,0,0,0,9,2,7,0,0,0,0,0,0,0,0,0,0,0,0,0,0,0,0,0,0,0,0,0,0,'',0,3,0,0,0,1,68157552,'warlock_bot',-1),
 (@BOT_START+0073,1878,0,1878,0,'Shikrik','Shaman Bot','',0,1,90,2,14,14,1,1.2,1.3,1,0,0,2600,2000,2,0,16384,0,0,0,0,7,2,7,0,0,0,0,0,0,0,0,0,0,0,0,0,0,0,0,0,0,0,0,0,0,'',0,3,0,0,0,1,68157552,'shaman_bot',-1),
 (@BOT_START+0074,3743,0,3743,0,'Tarshaw','Warrior Bot','',0,1,90,2,14,14,1,1.2,1.3,1,0,0,3400,2000,1,0,16384,0,0,0,0,1,2,7,0,0,0,0,0,0,0,0,0,0,0,0,0,0,0,0,0,0,0,0,0,0,'',0,3,0,0,0,1,68157552,'warrior_bot',-1),
 (@BOT_START+0075,3744,0,3744,0,'Thotar','Hunter Bot','',0,1,90,2,14,14,1,1.2,1.3,1,0,0,2800,2000,2,0,16384,0,0,0,0,3,2,7,0,0,0,0,0,0,0,0,0,0,0,0,0,0,0,0,0,0,0,0,0,0,'',0,3,0,0,0,1,68157552,'hunter_bot',-1),
 (@BOT_START+0076,3745,0,3745,0,'Dhugru','Warlock Bot','',0,1,90,2,14,14,1,1.2,1.3,1,0,0,3500,2000,8,0,16384,0,0,0,0,9,2,7,0,0,0,0,0,0,0,0,0,0,0,0,0,0,0,0,0,0,0,0,0,0,'',0,3,0,0,0,1,68157552,'warlock_bot',-1),
 (@BOT_START+0077,3746,0,3746,0,'Swart','Shaman Bot','',0,1,90,2,14,14,1,1.2,1.3,1,0,0,2600,2000,2,0,16384,0,0,0,0,7,2,7,0,0,0,0,0,0,0,0,0,0,0,0,0,0,0,0,0,0,0,0,0,0,'',0,3,0,0,0,1,68157552,'shaman_bot',-1),
 (@BOT_START+0078,1324,0,1324,0,'Groldar','Warlock Bot','',0,1,90,2,14,14,1,1.2,1.3,1,0,0,3500,2000,8,0,16384,0,0,0,0,9,2,7,0,0,0,0,0,0,0,0,0,0,0,0,0,0,0,0,0,0,0,0,0,0,'',0,3,0,0,0,1,68157552,'warlock_bot',-1),
 (@BOT_START+0079,1325,0,1325,0,'Mirket','Warlock Bot','',0,1,90,2,14,14,1,1.2,1.3,1,0,0,3500,2000,8,0,16384,0,0,0,0,9,2,7,0,0,0,0,0,0,0,0,0,0,0,0,0,0,0,0,0,0,0,0,0,0,'',0,3,0,0,0,1,68157552,'warlock_bot',-1),
 (@BOT_START+0080,1326,0,1326,0,'Zevrost','Warlock Bot','',0,1,90,2,14,14,1,1.2,1.3,1,0,0,3500,2000,8,0,16384,0,0,0,0,9,2,7,0,0,0,0,0,0,0,0,0,0,0,0,0,0,0,0,0,0,0,0,0,0,'',0,3,0,0,0,1,68157552,'warlock_bot',-1),
 (@BOT_START+0081,1360,0,1360,0,'Kardris','Shaman Bot','',0,1,90,2,14,14,1,1.2,1.3,1,0,0,2600,2000,2,0,16384,0,0,0,0,7,2,7,0,0,0,0,0,0,0,0,0,0,0,0,0,0,0,0,0,0,0,0,0,0,'',0,3,0,0,0,1,68157552,'shaman_bot',-1),
 (@BOT_START+0082,1373,0,1373,0,'Ormak','Hunter Bot','',0,1,90,2,14,14,1,1.2,1.3,1,0,0,2800,2000,2,0,16384,0,0,0,0,3,2,7,0,0,0,0,0,0,0,0,0,0,0,0,0,0,0,0,0,0,0,0,0,0,'',0,3,0,0,0,1,68157552,'hunter_bot',-1),
 (@BOT_START+0083,1374,0,1374,0,'Grezz','Warrior Bot','',0,1,90,2,14,14,1,1.2,1.3,1,0,0,3400,2000,1,0,16384,0,0,0,0,1,2,7,0,0,0,0,0,0,0,0,0,0,0,0,0,0,0,0,0,0,0,0,0,0,'',0,3,0,0,0,1,68157552,'warrior_bot',-1),
 (@BOT_START+0084,1375,0,1375,0,'Sorek','Warrior Bot','',0,1,90,2,14,14,1,1.2,1.3,1,0,0,3400,2000,1,0,16384,0,0,0,0,1,2,7,0,0,0,0,0,0,0,0,0,0,0,0,0,0,0,0,0,0,0,0,0,0,'',0,3,0,0,0,1,68157552,'warrior_bot',-1),
 (@BOT_START+0085,4231,0,4231,0,'Siantsu','Shaman Bot','',0,1,90,2,14,14,1,1.2,1.3,1,0,0,2600,2000,2,0,16384,0,0,0,0,7,2,7,0,0,0,0,0,0,0,0,0,0,0,0,0,0,0,0,0,0,0,0,0,0,'',0,3,0,0,0,1,68157552,'shaman_bot',-1),
 (@BOT_START+0086,4239,0,4239,0,'Xorjuul','Hunter Bot','',0,1,90,2,14,14,1,1.2,1.3,1,0,0,2800,2000,2,0,16384,0,0,0,0,3,2,7,0,0,0,0,0,0,0,0,0,0,0,0,0,0,0,0,0,0,0,0,0,0,'',0,3,0,0,0,1,68157552,'hunter_bot',-1),
 (@BOT_START+0087,4241,0,4241,0,'Siandur','Hunter Bot','',0,1,90,2,14,14,1,1.2,1.3,1,0,0,2800,2000,2,0,16384,0,0,0,0,3,2,7,0,0,0,0,0,0,0,0,0,0,0,0,0,0,0,0,0,0,0,0,0,0,'',0,3,0,0,0,1,68157552,'hunter_bot',-1),
 (@BOT_START+0088,4242,0,4242,0,'Zelmak','Warrior Bot','',0,1,90,2,14,14,1,1.2,1.3,1,0,0,3400,2000,1,0,16384,0,0,0,0,1,2,7,0,0,0,0,0,0,0,0,0,0,0,0,0,0,0,0,0,0,0,0,0,0,'',0,3,0,0,0,1,68157552,'warrior_bot',-1),
 (@BOT_START+0089,7915,0,7915,0,'ClaudeErksine','Hunter Bot','',0,1,90,2,14,14,1,1.2,1.3,1,0,0,2800,2000,2,0,16384,0,0,3,0,3,3,7,0,0,0,0,0,0,0,0,0,0,0,0,0,0,0,0,0,0,0,0,0,0,'',0,3,0,0,0,1,68157552,'hunter_bot',-1),
 (@BOT_START+0090,1721,0,1721,0,'Alyissia','Warrior Bot','',0,1,90,2,14,14,1,1.2,1.3,1,0,0,3400,2000,1,0,16384,0,0,0,0,1,4,7,0,0,0,0,0,0,0,0,0,0,0,0,0,0,0,0,0,0,0,0,0,0,'',0,3,0,0,0,1,68157552,'warrior_bot',-1),
 (@BOT_START+0091,1725,0,1725,0,'FrahunMurmombre','Rogue Bot','',0,1,90,2,14,14,1,1.2,1.3,1,0,0,1600,2000,4,0,16384,0,0,0,0,4,4,7,0,0,0,0,0,0,0,0,0,0,0,0,0,0,0,0,0,0,0,0,0,0,'',0,3,0,0,0,1,68157552,'rogue_bot',-1),
 (@BOT_START+0092,1733,0,1733,0,'Shanda','Priest Bot','',0,1,90,2,14,14,1,1.2,1.3,1,0,0,3600,2000,8,0,16384,0,0,0,0,5,4,7,0,0,0,0,0,0,0,0,0,0,0,0,0,0,0,0,0,0,0,0,0,0,'',0,3,0,0,0,1,68157552,'priest_bot',-1),
 (@BOT_START+0093,1732,0,1732,0,'Mardant','Druid Bot','',0,1,90,2,14,14,1,1.2,1.3,1,0,0,2200,2000,2,0,16384,0,0,0,0,11,4,7,0,0,0,0,0,0,0,0,0,0,0,0,0,0,0,0,0,0,0,0,0,0,'',0,3,0,0,0,1,68157552,'druid_bot',-1),
 (@BOT_START+0094,1707,0,1707,0,'Kyra','Warrior Bot','',0,1,90,2,14,14,1,1.2,1.3,1,0,0,3400,2000,1,0,16384,0,0,0,0,1,4,7,0,0,0,0,0,0,0,0,0,0,0,0,0,0,0,0,0,0,0,0,0,0,'',0,3,0,0,0,1,68157552,'warrior_bot',-1),
 (@BOT_START+0095,1704,0,1704,0,'Jannok','Rogue Bot','',0,1,90,2,14,14,1,1.2,1.3,1,0,0,1600,2000,4,0,16384,0,0,0,0,4,4,7,0,0,0,0,0,0,0,0,0,0,0,0,0,0,0,0,0,0,0,0,0,0,'',0,3,0,0,0,1,68157552,'rogue_bot',-1),
 (@BOT_START+0096,1708,0,1708,0,'Laurna','Priest Bot','',0,1,90,2,14,14,1,1.2,1.3,1,0,0,3600,2000,8,0,16384,0,0,0,0,5,4,7,0,0,0,0,0,0,0,0,0,0,0,0,0,0,0,0,0,0,0,0,0,0,'',0,3,0,0,0,1,68157552,'priest_bot',-1),
 (@BOT_START+0097,1706,0,1706,0,'Kal','Druid Bot','',0,1,90,2,14,14,1,1.2,1.3,1,0,0,2200,2000,2,0,16384,0,0,0,0,11,4,7,0,0,0,0,0,0,0,0,0,0,0,0,0,0,0,0,0,0,0,0,0,0,'',0,3,0,0,0,1,68157552,'druid_bot',-1),
 (@BOT_START+0098,4296,0,4296,0,'Harruk','Hunter Bot','',0,1,90,2,14,14,1,1.2,1.3,1,0,0,2800,2000,2,0,16384,0,0,3,0,3,2,7,0,0,0,0,0,0,0,0,0,0,0,0,0,0,0,0,0,0,0,0,0,0,'',0,3,0,0,0,1,68157552,'hunter_bot',-1),
 (@BOT_START+0099,4299,0,4299,0,'Reban','Hunter bot','',0,1,90,2,14,14,1,1.2,1.3,1,0,0,2800,2000,2,0,16384,0,0,3,0,3,6,7,0,0,0,0,0,0,0,0,0,0,0,0,0,0,0,0,0,0,0,0,0,0,'',0,3,0,0,0,1,68157552,'hunter_bot',-1),
 (@BOT_START+0100,4304,0,4304,0,'Bolyun','Hunter Bot','',0,1,90,2,14,14,1,1.2,1.3,1,0,0,2800,2000,2,0,16384,0,0,3,0,3,4,7,0,0,0,0,0,0,0,0,0,0,0,0,0,0,0,0,0,0,0,0,0,0,'',0,3,0,0,0,1,68157552,'hunter_bot',-1),
 (@BOT_START+0101,1897,0,1897,0,'Taijin','Priest Bot','',0,1,90,2,14,14,1,1.2,1.3,1,0,0,3600,2000,8,0,16384,0,0,0,0,5,8,7,0,0,0,0,0,0,0,0,0,0,0,0,0,0,0,0,0,0,0,0,0,0,'',0,3,0,0,0,1,68157552,'priest_bot',-1),
 (@BOT_START+0102,4068,0,4068,0,'Kenjai','Priest Bot','',0,1,90,2,14,14,1,1.2,1.3,1,0,0,3600,2000,8,0,16384,0,0,0,0,5,8,7,0,0,0,0,0,0,0,0,0,0,0,0,0,0,0,0,0,0,0,0,0,0,'',0,3,0,0,0,1,68157552,'priest_bot',-1),
 (@BOT_START+0103,2066,0,2066,0,'Danlaar','Hunter Bot','',0,1,90,2,14,14,1,1.2,1.3,1,0,0,2800,2000,2,0,16384,0,0,0,0,3,4,7,0,0,0,0,0,0,0,0,0,0,0,0,0,0,0,0,0,0,0,0,0,0,'',0,3,0,0,0,1,68157552,'hunter_bot',-1),
 (@BOT_START+0104,2196,0,2196,0,'Ariasta','Warrior Bot','',0,1,90,2,14,14,1,1.2,1.3,1,0,0,3400,2000,1,0,16384,0,0,0,0,1,4,7,0,0,0,0,0,0,0,0,0,0,0,0,0,0,0,0,0,0,0,0,0,0,'',0,3,0,0,0,1,68157552,'warrior_bot',-1),
 (@BOT_START+0105,2198,0,2198,0,'Sildanair','Warrior Bot','',0,1,90,2,14,14,1,1.2,1.3,1,0,0,3400,2000,1,0,16384,0,0,0,0,1,4,7,0,0,0,0,0,0,0,0,0,0,0,0,0,0,0,0,0,0,0,0,0,0,'',0,3,0,0,0,1,68157552,'warrior_bot',-1),
 (@BOT_START+0106,2200,0,2200,0,'Astarii','Priest Bot','',0,1,90,2,14,14,1,1.2,1.3,1,0,0,3600,2000,8,0,16384,0,0,0,0,5,4,7,0,0,0,0,0,0,0,0,0,0,0,0,0,0,0,0,0,0,0,0,0,0,'',0,3,0,0,0,1,68157552,'priest_bot',-1),
 (@BOT_START+0107,2201,0,2201,0,'Jandria','Priest Bot','',0,1,90,2,14,14,1,1.2,1.3,1,0,0,3600,2000,8,0,16384,0,0,0,0,5,4,7,0,0,0,0,0,0,0,0,0,0,0,0,0,0,0,0,0,0,0,0,0,0,'',0,3,0,0,0,1,68157552,'priest_bot',-1),
 (@BOT_START+0108,2202,0,2202,0,'Lariia','Priest Bot','',0,1,90,2,14,14,1,1.2,1.3,1,0,0,3600,2000,8,0,16384,0,0,0,0,5,4,7,0,0,0,0,0,0,0,0,0,0,0,0,0,0,0,0,0,0,0,0,0,0,'',0,3,0,0,0,1,68157552,'priest_bot',-1),
 (@BOT_START+0109,2231,0,2231,0,'Syurna','Rogue Bot','',0,1,90,2,14,14,1,1.2,1.3,1,0,0,1600,2000,4,0,16384,0,0,0,0,4,4,7,0,0,0,0,0,0,0,0,0,0,0,0,0,0,0,0,0,0,0,0,0,0,'',0,3,0,0,0,1,68157552,'rogue_bot',-1),
 (@BOT_START+0110,7669,0,7669,0,'Elissa','Mage Bot','',0,1,90,2,14,14,1,1.2,1.3,1,0,0,3800,2000,8,0,16384,0,0,0,0,8,1,7,0,0,0,0,0,0,0,0,0,0,0,0,0,0,0,0,0,0,0,0,0,0,'',0,3,0,0,0,1,68157552,'mage_bot',-1),
 (@BOT_START+0111,2252,0,2252,0,'Erion','Rogue Bot','',0,1,90,2,14,14,1,1.2,1.3,1,0,0,1600,2000,4,0,16384,0,0,0,0,4,4,7,0,0,0,0,0,0,0,0,0,0,0,0,0,0,0,0,0,0,0,0,0,0,'',0,3,0,0,0,1,68157552,'rogue_bot',-1),
 (@BOT_START+0112,2243,0,2243,0,'Anishar','Rogue Bot','',0,1,90,2,14,14,1,1.2,1.3,1,0,0,1600,2000,4,0,16384,0,0,0,0,4,4,7,0,0,0,0,0,0,0,0,0,0,0,0,0,0,0,0,0,0,0,0,0,0,'',0,3,0,0,0,1,68157552,'rogue_bot',-1),
 (@BOT_START+0113,2250,0,2250,0,'Denatharion','Druid Bot','',0,1,90,2,14,14,1,1.2,1.3,1,0,0,2200,2000,2,0,16384,0,0,0,0,11,4,7,0,0,0,0,0,0,0,0,0,0,0,0,0,0,0,0,0,0,0,0,0,0,'',0,3,0,0,0,1,68157552,'druid_bot',-1),
 (@BOT_START+0114,2255,0,2255,0,'Fylerian','Druid Bot','',0,1,90,2,14,14,1,1.2,1.3,1,0,0,2200,2000,2,0,16384,0,0,0,0,11,4,7,0,0,0,0,0,0,0,0,0,0,0,0,0,0,0,0,0,0,0,0,0,0,'',0,3,0,0,0,1,68157552,'druid_bot',-1),
 (@BOT_START+0115,2416,0,2416,0,'Caelyb','Hunter Bot','',0,1,90,2,14,14,1,1.2,1.3,1,0,0,2800,2000,2,0,16384,0,0,3,0,3,4,7,0,0,0,0,0,0,0,0,0,0,0,0,0,0,0,0,0,0,0,0,0,0,'',0,3,0,0,0,1,68157552,'hunter_bot',-1),
 (@BOT_START+0116,2675,0,2675,0,'Kaal','Warlock Bot','',0,1,90,2,14,14,1,1.2,1.3,1,0,0,3500,2000,8,0,16384,0,0,0,0,9,5,7,0,0,0,0,0,0,0,0,0,0,0,0,0,0,0,0,0,0,0,0,0,0,'',0,3,0,0,0,1,68157552,'warlock_bot',-1),
 (@BOT_START+0117,16800,0,16800,0,'Lana','Warlock Bot','',0,1,90,2,14,14,1,1.2,1.3,1,0,0,3500,2000,8,0,16384,0,0,0,0,9,5,7,0,0,0,0,0,0,0,0,0,0,0,0,0,0,0,0,0,0,0,0,0,0,'',0,3,0,0,0,1,68157552,'warlock_bot',-1),
 (@BOT_START+0118,2646,0,2646,0,'Richard','Warlock Bot','',0,1,90,2,14,14,1,1.2,1.3,1,0,0,3500,2000,8,0,16384,0,0,0,0,9,5,7,0,0,0,0,0,0,0,0,0,0,0,0,0,0,0,0,0,0,0,0,0,0,'',0,3,0,0,0,1,68157552,'warlock_bot',-1),
 (@BOT_START+0119,10214,0,10214,0,'Kaelystia','Mage Bot','',0,1,90,2,14,14,1,1.2,1.3,1,0,0,3800,2000,8,0,16384,0,0,0,0,8,5,6,1,0,0,0,0,0,0,0,0,0,0,0,0,0,0,0,0,0,0,0,0,0,'',0,3,0,0,0,1,68157552,'mage_bot',-1),
 (@BOT_START+0120,2644,0,2644,0,'Pierce','Mage Bot','',0,1,90,2,14,14,1,1.2,1.3,1,0,0,3800,2000,8,0,16384,0,0,0,0,8,5,7,0,0,0,0,0,0,0,0,0,0,0,0,0,0,0,0,0,0,0,0,0,0,'',0,3,0,0,0,1,68157552,'mage_bot',-1),
 (@BOT_START+0121,2657,0,2657,0,'Anastasia','Mage Bot','',0,1,90,2,14,14,1,1.2,1.3,1,0,0,3800,2000,8,0,16384,0,0,0,0,8,5,7,0,0,0,0,0,0,0,0,0,0,0,0,0,0,0,0,0,0,0,0,0,0,'',0,3,0,0,0,1,68157552,'mage_bot',-1),
 (@BOT_START+0122,2620,0,2620,0,'Chris','Warrior Bot','',0,1,90,2,14,14,1,1.2,1.3,1,0,0,3400,2000,1,0,16384,0,0,0,0,1,5,7,0,0,0,0,0,0,0,0,0,0,0,0,0,0,0,0,0,0,0,0,0,0,'',0,3,0,0,0,1,68157552,'warrior_bot',-1),
 (@BOT_START+0123,2658,0,2658,0,'Angela','Warrior Bot','',0,1,90,2,14,14,1,1.2,1.3,1,0,0,3400,2000,1,0,16384,0,0,0,0,1,5,7,0,0,0,0,0,0,0,0,0,0,0,0,0,0,0,0,0,0,0,0,0,0,'',0,3,0,0,0,1,68157552,'warrior_bot',-1),
 (@BOT_START+0124,2614,0,2614,0,'Baltus','Warrior Bot','',0,1,90,2,14,14,1,1.2,1.3,1,0,0,3400,2000,1,0,16384,0,0,0,0,1,5,7,0,0,0,0,0,0,0,0,0,0,0,0,0,0,0,0,0,0,0,0,0,0,'',0,3,0,0,0,1,68157552,'warrior_bot',-1),
 (@BOT_START+0125,3054,0,3054,0,'Kelv','Warrior Bot','',0,1,90,2,14,14,1,1.2,1.3,1,0,0,3400,2000,1,0,16384,0,0,0,0,1,3,7,0,0,0,0,0,0,0,0,0,0,0,0,0,0,0,0,0,0,0,0,0,0,'',0,3,0,0,0,1,68157552,'warrior_bot',-1),
 (@BOT_START+0126,3055,0,3055,0,'Bilban','Warrior Bot','',0,1,90,2,14,14,1,1.2,1.3,1,0,0,3400,2000,1,0,16384,0,0,0,0,1,7,7,0,0,0,0,0,0,0,0,0,0,0,0,0,0,0,0,0,0,0,0,0,0,'',0,3,0,0,0,1,68157552,'warrior_bot',-1),
 (@BOT_START+0127,3056,0,3056,0,'Daera','Hunter Bot','',0,1,90,2,14,14,1,1.2,1.3,1,0,0,2800,2000,2,0,16384,0,0,0,0,3,3,7,0,0,0,0,0,0,0,0,0,0,0,0,0,0,0,0,0,0,0,0,0,0,'',0,3,0,0,0,1,68157552,'hunter_bot',-1),
 (@BOT_START+0128,3072,0,3072,0,'Olmin','Hunter Bot','',0,1,90,2,14,14,1,1.2,1.3,1,0,0,2800,2000,2,0,16384,0,0,0,0,3,3,7,0,0,0,0,0,0,0,0,0,0,0,0,0,0,0,0,0,0,0,0,0,0,'',0,3,0,0,0,1,68157552,'hunter_bot',-1),
 (@BOT_START+0129,3073,0,3073,0,'Regnus','Hunter Bot','',0,1,90,2,14,14,1,1.2,1.3,1,0,0,2800,2000,2,0,16384,0,0,0,0,3,3,7,0,0,0,0,0,0,0,0,0,0,0,0,0,0,0,0,0,0,0,0,0,0,'',0,3,0,0,0,1,68157552,'hunter_bot',-1),
 (@BOT_START+0130,3086,0,3086,0,'Theodrus','Priest Bot','',0,1,90,2,14,14,1,1.2,1.3,1,0,0,3600,2000,8,0,16384,0,0,0,0,5,3,7,0,0,0,0,0,0,0,0,0,0,0,0,0,0,0,0,0,0,0,0,0,0,'',0,3,0,0,0,1,68157552,'priest_bot',-1),
 (@BOT_START+0131,3066,0,3066,0,'Braenna','Priest Bot','',0,1,90,2,14,14,1,1.2,1.3,1,0,0,3600,2000,8,0,16384,0,0,0,0,5,3,7,0,0,0,0,0,0,0,0,0,0,0,0,0,0,0,0,0,0,0,0,0,0,'',0,3,0,0,0,1,68157552,'priest_bot',-1),
 (@BOT_START+0132,3085,0,3085,0,'Toldren','Priest Bot','',0,1,90,2,14,14,1,1.2,1.3,1,0,0,3600,2000,8,0,16384,0,0,0,0,5,3,7,0,0,0,0,0,0,0,0,0,0,0,0,0,0,0,0,0,0,0,0,0,0,'',0,3,0,0,0,1,68157552,'priest_bot',-1),
 (@BOT_START+0134,3108,0,3108,0,'Bink','Mage Bot','',0,1,90,2,14,14,1,1.2,1.3,1,0,0,3800,2000,8,0,16384,0,0,0,0,8,7,7,0,0,0,0,0,0,0,0,0,0,0,0,0,0,0,0,0,0,0,0,0,0,'',0,3,0,0,0,1,68157552,'mage_bot',-1),
 (@BOT_START+0135,10214,0,10214,0,'Juli','Mage Bot','',0,1,90,2,14,14,1,1.2,1.3,1,0,0,3800,2000,8,0,16384,0,0,0,0,8,7,7,0,0,0,0,0,0,0,0,0,0,0,0,0,0,0,0,0,0,0,0,0,0,'',0,3,0,0,0,1,68157552,'mage_bot',-1),
 (@BOT_START+0136,3109,0,3109,0,'Nittegousse','Mage Bot','',0,1,90,2,14,14,1,1.2,1.3,1,0,0,3800,2000,8,0,16384,0,0,0,0,8,7,7,0,0,0,0,0,0,0,0,0,0,0,0,0,0,0,0,0,0,0,0,0,0,'',0,3,0,0,0,1,68157552,'mage_bot',-1),
 (@BOT_START+0137,3089,0,3089,0,'Valgar','Paladin Bot','',0,1,90,2,14,14,1,1.2,1.3,1,0,0,2300,2000,2,0,16384,0,0,0,0,2,3,7,0,0,0,0,0,0,0,0,0,0,0,0,0,0,0,0,0,0,0,0,0,0,'',0,3,0,0,0,1,68157552,'paladin_bot',-1),
 (@BOT_START+0138,3088,0,3088,0,'Beldruk','Paladin Bot','',0,1,90,2,14,14,1,1.2,1.3,1,0,0,2300,2000,2,0,16384,0,0,0,0,2,3,7,0,0,0,0,0,0,0,0,0,0,0,0,0,0,0,0,0,0,0,0,0,0,'',0,3,0,0,0,1,68157552,'paladin_bot',-1),
 (@BOT_START+0139,3087,0,3087,0,'Brandur','Paladin Bot','',0,1,90,2,14,14,1,1.2,1.3,1,0,0,2300,2000,2,0,16384,0,0,0,0,2,3,7,0,0,0,0,0,0,0,0,0,0,0,0,0,0,0,0,0,0,0,0,0,0,'',0,3,0,0,0,1,68157552,'paladin_bot',-1),
 (@BOT_START+0140,3101,0,3101,0,'Hulfdan','Rogue Bot','',0,1,90,2,14,14,1,1.2,1.3,1,0,0,1600,2000,4,0,16384,0,0,0,0,4,3,7,0,0,0,0,0,0,0,0,0,0,0,0,0,0,0,0,0,0,0,0,0,0,'',0,3,0,0,0,1,68157552,'rogue_bot',-1),
 (@BOT_START+0141,3100,0,3100,0,'Ormyr','Rogue Bot','',0,1,90,2,14,14,1,1.2,1.3,1,0,0,1600,2000,4,0,16384,0,0,0,0,4,3,7,0,0,0,0,0,0,0,0,0,0,0,0,0,0,0,0,0,0,0,0,0,0,'',0,3,0,0,0,1,68157552,'rogue_bot',-1),
 (@BOT_START+0142,3113,0,3113,0,'Phenwick','Rogue Bot','',0,1,90,2,14,14,1,1.2,1.3,1,0,0,1600,2000,4,0,16384,0,0,0,0,4,7,7,0,0,0,0,0,0,0,0,0,0,0,0,0,0,0,0,0,0,0,0,0,0,'',0,3,0,0,0,1,68157552,'rogue_bot',-1),
 (@BOT_START+0143,3115,0,3115,0,'Coeurdechardon','Warlock Bot','',0,1,90,2,14,14,1,1.2,1.3,1,0,0,3500,2000,8,0,16384,0,0,0,0,9,7,7,0,0,0,0,0,0,0,0,0,0,0,0,0,0,0,0,0,0,0,0,0,0,'',0,3,0,0,0,1,68157552,'warlock_bot',-1),
 (@BOT_START+0144,3116,0,3116,0,'Eglantin','Warlock Bot','',0,1,90,2,14,14,1,1.2,1.3,1,0,0,3500,2000,8,0,16384,0,0,0,0,9,7,7,0,0,0,0,0,0,0,0,0,0,0,0,0,0,0,0,0,0,0,0,0,0,'',0,3,0,0,0,1,68157552,'warlock_bot',-1),
 (@BOT_START+0145,3122,0,3122,0,'Alexander','Warlock Bot','',0,1,90,2,14,14,1,1.2,1.3,1,0,0,3500,2000,8,0,16384,0,0,0,0,9,1,7,0,0,0,0,0,0,0,0,0,0,0,0,0,0,0,0,0,0,0,0,0,0,'',0,3,0,0,0,1,68157552,'warlock_bot',-1),
 (@BOT_START+0146,3280,0,3280,0,'Wu','Warrior Bot','',0,1,90,2,14,14,1,1.2,1.3,1,0,0,3400,2000,1,0,16384,0,0,0,0,1,1,7,0,0,0,0,0,0,0,0,0,0,0,0,0,0,0,0,0,0,0,0,0,0,'',0,3,0,0,0,1,68157552,'warrior_bot',-1),
 (@BOT_START+0147,3287,0,3287,0,'Ilsa','Warrior Bot','',0,1,90,2,14,14,1,1.2,1.3,1,0,0,3400,2000,1,0,16384,0,0,0,0,1,1,7,0,0,0,0,0,0,0,0,0,0,0,0,0,0,0,0,0,0,0,0,0,0,'',0,3,0,0,0,1,68157552,'warrior_bot',-1),
 (@BOT_START+0148,3283,0,3283,0,'Joshua','Priest Bot','',0,1,90,2,14,14,1,1.2,1.3,1,0,0,3600,2000,8,0,16384,0,0,0,0,5,1,7,0,0,0,0,0,0,0,0,0,0,0,0,0,0,0,0,0,0,0,0,0,0,'',0,3,0,0,0,1,68157552,'priest_bot',-1),
 (@BOT_START+0149,3284,0,3284,0,'Arthur','Paladin Bot','',0,1,90,2,14,14,1,1.2,1.3,1,0,0,2300,2000,2,0,16384,0,0,0,0,2,1,7,0,0,0,0,0,0,0,0,0,0,0,0,0,0,0,0,0,0,0,0,0,0,'',0,3,0,0,0,1,68157552,'paladin_bot',-1),
 (@BOT_START+0150,3289,0,3289,0,'Katherine','Paladin Bot','',0,1,90,2,14,14,1,1.2,1.3,1,0,0,2300,2000,2,0,16384,0,0,0,0,2,1,7,0,0,0,0,0,0,0,0,0,0,0,0,0,0,0,0,0,0,0,0,0,0,'',0,3,0,0,0,1,68157552,'paladin_bot',-1),
 (@BOT_START+0151,3291,0,3291,0,'Deline','Warlock Bot','',0,1,90,2,14,14,1,1.2,1.3,1,0,0,3500,2000,8,0,16384,0,0,0,0,9,1,7,0,0,0,0,0,0,0,0,0,0,0,0,0,0,0,0,0,0,0,0,0,0,'',0,3,0,0,0,1,68157552,'warlock_bot',-1),
 (@BOT_START+0152,3286,0,3286,0,'Sandahl','Warlock Bot','',0,1,90,2,14,14,1,1.2,1.3,1,0,0,3500,2000,8,0,16384,0,0,0,0,9,1,7,0,0,0,0,0,0,0,0,0,0,0,0,0,0,0,0,0,0,0,0,0,0,'',0,3,0,0,0,1,68157552,'warlock_bot',-1),
 (@BOT_START+0153,3292,0,3292,0,'Jennea','Mage Bot','',0,1,90,2,14,14,1,1.2,1.3,1,0,0,3800,2000,8,0,16384,0,0,0,0,8,1,7,0,0,0,0,0,0,0,0,0,0,0,0,0,0,0,0,0,0,0,0,0,0,'',0,3,0,0,0,1,68157552,'mage_bot',-1),
 (@BOT_START+0154,19803,0,19803,0,'Elsharin','Mage Bot','',0,1,90,2,14,14,1,1.2,1.3,1,0,0,3800,2000,8,0,16384,0,0,0,0,8,1,7,0,0,0,0,0,0,0,0,0,0,0,0,0,0,0,0,0,0,0,0,0,0,'',0,3,0,0,0,1,68157552,'mage_bot',-1),
 (@BOT_START+0155,3299,0,3299,0,'Kaerbrus','Hunter Bot','',0,1,90,2,14,14,1,1.2,1.3,1,0,0,2800,2000,2,0,16384,0,0,0,0,3,4,7,0,0,0,0,0,0,0,0,0,0,0,0,0,0,0,0,0,0,0,0,0,0,'',0,3,0,0,0,1,68157552,'hunter_bot',-1),
 (@BOT_START+0156,3300,0,3300,0,'Sheldras','Druid Bot','',0,1,90,2,14,14,1,1.2,1.3,1,0,0,2200,2000,2,0,16384,0,0,0,0,11,4,7,0,0,0,0,0,0,0,0,0,0,0,0,0,0,0,0,0,0,0,0,0,0,'',0,3,0,0,0,1,68157552,'druid_bot',-1),
 (@BOT_START+0157,3301,0,3301,0,'Theridran','Druid Bot','',0,1,90,2,14,14,1,1.2,1.3,1,0,0,2200,2000,2,0,16384,0,0,0,0,11,4,7,0,0,0,0,0,0,0,0,0,0,0,0,0,0,0,0,0,0,0,0,0,0,'',0,3,0,0,0,1,68157552,'druid_bot',-1),
 (@BOT_START+0158,3312,0,3312,0,'Einris','Hunter Bot','',0,1,90,2,14,14,1,1.2,1.3,1,0,0,2800,2000,2,0,16384,0,0,0,0,3,3,7,0,0,0,0,0,0,0,0,0,0,0,0,0,0,0,0,0,0,0,0,0,0,'',0,3,0,0,0,1,68157552,'hunter_bot',-1),
 (@BOT_START+0159,3309,0,3309,0,'Ulfir','Hunter Bot','',0,1,90,2,14,14,1,1.2,1.3,1,0,0,2800,2000,2,0,16384,0,0,0,0,3,3,7,0,0,0,0,0,0,0,0,0,0,0,0,0,0,0,0,0,0,0,0,0,0,'',0,3,0,0,0,1,68157552,'hunter_bot',-1),
 (@BOT_START+0160,3310,0,3310,0,'Thorfin','Hunter Bot','',0,1,90,2,14,14,1,1.2,1.3,1,0,0,2800,2000,2,0,16384,0,0,0,0,3,3,7,0,0,0,0,0,0,0,0,0,0,0,0,0,0,0,0,0,0,0,0,0,0,'',0,3,0,0,0,1,68157552,'hunter_bot',-1),
 (@BOT_START+0161,10171,0,10171,0,'UnThuwa','Mage Bot','',0,1,90,2,14,14,1,1.2,1.3,1,0,0,3800,2000,8,0,16384,0,0,0,0,8,8,7,0,0,0,0,0,0,0,0,0,0,0,0,0,0,0,0,0,0,0,0,0,0,'',0,3,0,0,0,1,68157552,'mage_bot',-1),
 (@BOT_START+0162,4524,0,4524,0,'Pephredo','Mage Bot','',0,1,90,2,14,14,1,1.2,1.3,1,0,0,3800,2000,8,0,16384,0,0,0,0,8,8,7,0,0,0,0,0,0,0,0,0,0,0,0,0,0,0,0,0,0,0,0,0,0,'',0,3,0,0,0,1,68157552,'mage_bot',-1),
 (@BOT_START+0163,4522,0,4522,0,'Enyo','Mage Bot','',0,1,90,2,14,14,1,1.2,1.3,1,0,0,3800,2000,8,0,16384,0,0,0,0,8,8,7,0,0,0,0,0,0,0,0,0,0,0,0,0,0,0,0,0,0,0,0,0,0,'',0,3,0,0,0,1,68157552,'mage_bot',-1),
 (@BOT_START+0164,4526,0,4526,0,'Mai','Mage Bot','',0,1,90,2,14,14,1,1.2,1.3,1,0,0,3800,2000,8,0,16384,0,0,0,0,8,8,7,0,0,0,0,0,0,0,0,0,0,0,0,0,0,0,0,0,0,0,0,0,0,'',0,3,0,0,0,1,68157552,'mage_bot',-1),
 (@BOT_START+0165,4523,0,4523,0,'Deino','Mage Bot','',0,1,90,2,14,14,1,1.2,1.3,1,0,0,3800,2000,8,0,16384,0,0,0,0,8,8,7,0,0,0,0,0,0,0,0,0,0,0,0,0,0,0,0,0,0,0,0,0,0,'',0,3,0,0,0,1,68157552,'mage_bot',-1),
 (@BOT_START+0166,4665,0,4665,0,'Birgitte','Mage Bot','',0,1,90,2,14,14,1,1.2,1.3,1,0,0,3800,2000,8,0,16384,0,0,0,0,8,5,7,0,0,0,0,0,0,0,0,0,0,0,0,0,0,0,0,0,0,0,0,0,0,'',0,3,0,0,0,1,68157552,'mage_bot',-1),
 (@BOT_START+0167,12849,0,12849,0,'Thuul','Mage Bot','',0,1,90,2,14,14,1,1.2,1.3,1,0,0,3800,2000,8,0,16384,0,0,0,0,8,8,7,0,0,0,0,0,0,0,0,0,0,0,0,0,0,0,0,0,0,0,0,0,0,'',0,3,0,0,0,1,68157552,'mage_bot',-1),
 (@BOT_START+0168,4690,0,4690,0,'Zayus','Priest Bot','',0,1,90,2,14,14,1,1.2,1.3,1,0,0,3600,2000,8,0,16384,0,0,0,0,5,8,7,0,0,0,0,0,0,0,0,0,0,0,0,0,0,0,0,0,0,0,0,0,0,'',0,3,0,0,0,1,68157552,'priest_bot',-1),
 (@BOT_START+0169,10473,0,10473,0,'Xyera','Priest Bot','',0,1,90,2,14,14,1,1.2,1.3,1,0,0,3600,2000,8,0,16384,0,0,0,0,5,8,7,0,0,0,0,0,0,0,0,0,0,0,0,0,0,0,0,0,0,0,0,0,0,'',0,3,0,0,0,1,68157552,'priest_bot',-1),
 (@BOT_START+0170,4711,0,4711,0,'Urkyo','Priest Bot','',0,1,90,2,14,14,1,1.2,1.3,1,0,0,3600,2000,8,0,16384,0,0,0,0,5,8,7,0,0,0,0,0,0,0,0,0,0,0,0,0,0,0,0,0,0,0,0,0,0,'',0,3,0,0,0,1,68157552,'priest_bot',-1),
 (@BOT_START+0171,6060,0,6060,0,'Uthelnay','Mage Bot','',0,1,90,2,14,14,1,1.2,1.3,1,0,0,3800,2000,8,0,16384,0,0,0,0,8,8,7,0,0,0,0,0,0,0,0,0,0,0,0,0,0,0,0,0,0,0,0,0,0,'',0,3,0,0,0,1,68157552,'mage_bot',-1),
 (@BOT_START+0172,6072,0,6072,0,'Dink','Mage Bot','',0,1,90,2,14,14,1,1.2,1.3,1,0,0,3800,2000,8,0,16384,0,0,0,0,8,7,7,0,0,0,0,0,0,0,0,0,0,0,0,0,0,0,0,0,0,0,0,0,0,'',0,3,0,0,0,1,68157552,'mage_bot',-1),
 (@BOT_START+0173,6071,0,6071,0,'Darnath','Warrior Bot','',0,1,90,2,14,14,1,1.2,1.3,1,0,0,3400,2000,1,0,16384,0,0,0,0,1,4,7,0,0,0,0,0,0,0,0,0,0,0,0,0,0,0,0,0,0,0,0,0,0,'',0,3,0,0,0,1,68157552,'warrior_bot',-1),
 (@BOT_START+0174,7356,0,7356,0,'Karman','Paladin Bot','',0,1,90,2,14,14,1,1.2,1.3,1,0,0,2300,2000,2,0,16384,0,0,0,0,2,1,7,0,0,0,0,0,0,0,0,0,0,0,0,0,0,0,0,0,0,0,0,0,0,'',0,3,0,0,0,1,68157552,'paladin_bot',-1),
 (@BOT_START+0175,11037,0,11037,0,'Evencane','Warrior Bot','',0,1,90,2,14,14,1,1.2,1.3,1,0,0,3400,2000,1,0,16384,0,0,0,0,1,1,7,0,0,0,0,0,0,0,0,0,0,0,0,0,0,0,0,0,0,0,0,0,0,'',0,3,0,0,0,1,68157552,'warrior_bot',-1),
 (@BOT_START+0176,7357,0,7357,0,'Jannos','Druid Bot','',0,1,90,2,14,14,1,1.2,1.3,1,0,0,2200,2000,2,0,16384,0,0,0,0,11,6,7,0,0,0,0,0,0,0,0,0,0,0,0,0,0,0,0,0,0,0,0,0,0,'',0,3,0,0,0,1,68157552,'druid_bot',-1),
 (@BOT_START+0177,7538,0,7538,0,'Alenndaar','Hunter Bot','',0,1,90,2,14,14,1,1.2,1.3,1,0,0,2800,2000,2,0,16384,0,0,0,0,3,4,7,0,0,0,0,0,0,0,0,0,0,0,0,0,0,0,0,0,0,0,0,0,0,'',0,3,0,0,0,1,68157552,'hunter_bot',-1),
 (@BOT_START+0178,10738,0,10738,0,'Golhine','Druid Bot','',0,1,90,2,14,14,1,1.2,1.3,1,0,0,2200,2000,2,0,16384,0,0,0,0,11,4,7,0,0,0,0,0,0,0,0,0,0,0,0,0,0,0,0,0,0,0,0,0,0,'',0,3,0,0,0,1,68157552,'druid_bot',-1),
 (@BOT_START+0179,9337,0,9337,0,'Hesuwa','Hunter Bot','',0,1,90,2,14,14,1,1.2,1.3,1,0,0,2800,2000,2,0,16384,0,0,3,0,3,6,7,0,0,0,0,0,0,0,0,0,0,0,0,0,0,0,0,0,0,0,0,0,0,'',0,3,0,0,0,1,68157552,'hunter_bot',-1),
 (@BOT_START+0180,9336,0,9336,0,'Xao\'tsu','Hunter Bot','',0,1,90,2,14,14,1,1.2,1.3,1,0,0,2800,2000,2,0,16384,0,0,3,0,3,2,7,0,0,0,0,0,0,0,0,0,0,0,0,0,0,0,0,0,0,0,0,0,0,'',0,3,0,0,0,1,68157552,'hunter_bot',-1),
 (@BOT_START+0181,9338,0,9338,0,'Belia','Hunter Bot','',0,1,90,2,14,14,1,1.2,1.3,1,0,0,2800,2000,2,0,16384,0,0,3,0,3,3,7,0,0,0,0,0,0,0,0,0,0,0,0,0,0,0,0,0,0,0,0,0,0,'',0,3,0,0,0,1,68157552,'hunter_bot',-1),
 (@BOT_START+0182,10245,0,10245,0,'Dargh','Hunter Bot','',0,1,90,2,14,14,1,1.2,1.3,1,0,0,2800,2000,2,0,16384,0,0,0,0,3,3,7,0,0,0,0,0,0,0,0,0,0,0,0,0,0,0,0,0,0,0,0,0,0,'',0,3,0,0,0,1,68157552,'hunter_bot',-1),
 (@BOT_START+0183,11044,0,11044,0,'Meideros','Priest Bot','',0,1,90,2,14,14,1,1.2,1.3,1,0,0,3600,2000,8,0,16384,0,0,0,0,5,4,7,0,0,0,0,0,0,0,0,0,0,0,0,0,0,0,0,0,0,0,0,0,0,'',0,3,0,0,0,1,68157552,'priest_bot',-1),
 (@BOT_START+0184,11048,0,11048,0,'Presse','Priest Bot','',0,1,90,2,14,14,1,1.2,1.3,1,0,0,3600,2000,8,0,16384,0,0,0,0,5,4,7,0,0,0,0,0,0,0,0,0,0,0,0,0,0,0,0,0,0,0,0,0,0,'',0,3,0,0,0,1,68157552,'priest_bot',-1),
 (@BOT_START+0185,11053,0,11053,0,'Rohan','Priest Bot','',0,1,90,2,14,14,1,1.2,1.3,1,0,0,3600,2000,8,0,16384,0,0,0,0,5,3,7,0,0,0,0,0,0,0,0,0,0,0,0,0,0,0,0,0,0,0,0,0,0,'',0,3,0,0,0,1,68157552,'priest_bot',-1),
 (@BOT_START+0186,12053,0,12053,0,'Loganaar','Druid Bot','',0,1,90,2,14,14,1,1.2,1.3,1,0,0,2200,2000,2,0,16384,0,0,0,0,11,4,7,0,0,0,0,0,0,0,0,0,0,0,0,0,0,0,0,0,0,0,0,0,0,'',0,3,0,0,0,1,68157552,'druid_bot',-1),
 (@BOT_START+0187,13171,0,13171,0,'Romano','Rogue Bot','',0,1,90,2,14,14,1,1.2,1.3,1,0,0,1600,2000,4,0,16384,0,0,0,0,4,1,7,0,0,0,0,0,0,0,0,0,0,0,0,0,0,0,0,0,0,0,0,0,0,'',0,3,0,0,0,1,68157552,'rogue_bot',-1),
 (@BOT_START+0188,13341,0,13341,0,'Sagorne','Shaman Bot','',0,1,90,2,14,14,1,1.2,1.3,1,0,0,2600,2000,2,0,16384,0,0,0,0,7,6,7,0,0,0,0,0,0,0,0,0,0,0,0,0,0,0,0,0,0,0,0,0,0,'',0,3,0,0,0,1,68157552,'shaman_bot',-1),
 (@BOT_START+0189,15522,0,15522,0,'Julia','Mage Bot','',0,1,90,2,14,14,1,1.2,1.3,1,0,0,3800,2000,8,0,16384,0,0,0,0,8,10,7,0,0,0,0,0,0,0,0,0,0,0,0,0,0,0,0,0,0,0,0,0,0,'',0,3,0,0,0,1,68157552,'mage_bot',-1),
 (@BOT_START+0190,16811,0,16811,0,'Ithelis','Paladin Bot','',0,1,90,2,14,14,1,1.2,1.3,1,0,0,2300,2000,2,0,16384,0,0,0,0,2,10,7,0,0,0,0,0,0,0,0,0,0,0,0,0,0,0,0,0,0,0,0,0,0,'',0,3,0,0,0,1,68157552,'paladin_bot',-1),
 (@BOT_START+0191,15524,0,15524,0,'Invocateur','Warlock Bot','',0,1,90,2,14,14,1,1.2,1.3,1,0,0,3500,2000,8,0,16384,0,0,0,0,9,10,7,0,0,0,0,0,0,0,0,0,0,0,0,0,0,0,0,0,0,0,0,0,0,'',0,3,0,0,0,1,68157552,'warlock_bot',-1),
 (@BOT_START+0192,15518,0,15518,0,'Matrone','Priest Bot','',0,1,90,2,14,14,1,1.2,1.3,1,0,0,3600,2000,8,0,16384,0,0,0,0,5,10,7,0,0,0,0,0,0,0,0,0,0,0,0,0,0,0,0,0,0,0,0,0,0,'',0,3,0,0,0,1,68157552,'priest_bot',-1),
 (@BOT_START+0193,2659,0,2659,0,'Eclaireur','Rogue Bot','',0,1,90,2,14,14,1,1.2,1.3,1,0,0,1600,2000,4,0,16384,0,0,0,0,4,5,7,0,0,0,0,0,0,0,0,0,0,0,0,0,0,0,0,0,0,0,0,0,0,'',0,3,0,0,0,1,68157552,'rogue_bot',-1),
 (@BOT_START+0194,15520,0,15520,0,'Sallina','Hunter Bot','',0,1,90,2,14,14,1,1.2,1.3,1,0,0,2800,2000,2,0,16384,0,0,0,0,3,10,7,0,0,0,0,0,0,0,0,0,0,0,0,0,0,0,0,0,0,0,0,0,0,'',0,3,0,0,0,1,68157552,'hunter_bot',-1),
 (@BOT_START+0195,16685,0,16685,0,'Noellene','Paladin Bot','',0,1,90,2,14,14,1,1.2,1.3,1,0,0,2300,2000,2,0,16384,0,0,0,0,2,10,7,0,0,0,0,0,0,0,0,0,0,0,0,0,0,0,0,0,0,0,0,0,0,'',0,3,0,0,0,1,68157552,'paladin_bot',-1),
 (@BOT_START+0196,16707,0,16707,0,'Ponaris','Priest Bot','',0,1,90,2,14,14,1,1.2,1.3,1,0,0,3600,2000,8,0,16384,0,0,0,0,5,10,7,0,0,0,0,0,0,0,0,0,0,0,0,0,0,0,0,0,0,0,0,0,0,'',0,3,0,0,0,1,68157552,'priest_bot',-1),
 (@BOT_START+0197,16222,0,16222,0,'Keilnei','Hunter Bot','',0,1,90,2,14,14,1,1.2,1.3,1,0,0,2800,2000,2,0,16384,0,0,0,0,3,11,7,0,0,0,0,0,0,0,0,0,0,0,0,0,0,0,0,0,0,0,0,0,0,'',0,3,0,0,0,1,68157552,'hunter_bot',-1),
 (@BOT_START+0198,16223,0,16223,0,'Valaatu','Mage Bot','',0,1,90,2,14,14,1,1.2,1.3,1,0,0,3800,2000,8,0,16384,0,0,0,0,8,11,7,0,0,0,0,0,0,0,0,0,0,0,0,0,0,0,0,0,0,0,0,0,0,'',0,3,0,0,0,1,68157552,'mage_bot',-1),
 (@BOT_START+0199,16224,0,16224,0,'Aurelon','Paladin Bot','',0,1,90,2,14,14,1,1.2,1.3,1,0,0,2300,2000,2,0,16384,0,0,0,0,2,11,7,0,0,0,0,0,0,0,0,0,0,0,0,0,0,0,0,0,0,0,0,0,0,'',0,3,0,0,0,1,68157552,'paladin_bot',-1),
 (@BOT_START+0200,16225,0,16225,0,'Zalduun','Priest Bot','',0,1,90,2,14,14,1,1.2,1.3,1,0,0,3600,2000,8,0,16384,0,0,0,0,5,11,7,0,0,0,0,0,0,0,0,0,0,0,0,0,0,0,0,0,0,0,0,0,0,'',0,3,0,0,0,1,68157552,'priest_bot',-1),
 (@BOT_START+0201,16226,0,16226,0,'Kore','Warrior Bot','',0,1,90,2,14,14,1,1.2,1.3,1,0,0,3400,2000,1,0,16384,0,0,0,0,1,11,7,0,0,0,0,0,0,0,0,0,0,0,0,0,0,0,0,0,0,0,0,0,0,'',0,3,0,0,0,1,68157552,'warrior_bot',-1),
 (@BOT_START+0202,16787,0,16787,0,'Alamma','Warlock Bot','',0,1,90,2,14,14,1,1.2,1.3,1,0,0,3500,2000,8,0,16384,0,0,0,0,9,10,7,0,0,0,0,0,0,0,0,0,0,0,0,0,0,0,0,0,0,0,0,0,0,'',0,3,0,0,0,1,68157552,'warlock_bot',-1),
 (@BOT_START+0203,16800,0,16800,0,'Talionia','Warlock Bot','',0,1,90,2,14,14,1,1.2,1.3,1,0,0,3500,2000,8,0,16384,0,0,0,0,9,10,7,0,0,0,0,0,0,0,0,0,0,0,0,0,0,0,0,0,0,0,0,0,0,'',0,3,0,0,0,1,68157552,'warlock_bot',-1),
 (@BOT_START+0204,16831,0,16831,0,'Zanien','Hunter Bot','',0,1,90,2,14,14,1,1.2,1.3,1,0,0,3500,2000,2,0,16384,0,0,0,0,9,10,7,0,0,0,0,0,0,0,0,0,0,0,0,0,0,0,0,0,0,0,0,0,0,'',0,3,0,0,0,1,68157552,'hunter_bot',-1),
 (@BOT_START+0205,16781,0,16781,0,'Zaedana','Mage Bot','',0,1,90,2,14,14,1,1.2,1.3,1,0,0,3800,2000,8,0,16384,0,0,0,0,8,10,7,0,0,0,0,0,0,0,0,0,0,0,0,0,0,0,0,0,0,0,0,0,0,'',0,3,0,0,0,1,68157552,'mage_bot',-1),
 (@BOT_START+0206,16824,0,16824,0,'Quithas','Mage Bot','',0,1,90,2,14,14,1,1.2,1.3,1,0,0,3800,2000,8,0,16384,0,0,0,0,8,10,7,0,0,0,0,0,0,0,0,0,0,0,0,0,0,0,0,0,0,0,0,0,0,'',0,3,0,0,0,1,68157552,'mage_bot',-1),
 (@BOT_START+0207,16739,0,16739,0,'Harene','Druid Bot','',0,1,90,2,14,14,1,1.2,1.3,1,0,0,2200,2000,2,0,16384,0,0,0,0,11,6,7,0,0,0,0,0,0,0,0,0,0,0,0,0,0,0,0,0,0,0,0,0,0,'',0,3,0,0,0,1,68157552,'druid_bot',-1),
 (@BOT_START+0208,16778,0,16778,0,'Tana','Hunter Bot','',0,1,90,2,14,14,1,1.2,1.3,1,0,0,2800,2000,2,0,16384,0,0,0,0,3,10,7,0,0,0,0,0,0,0,0,0,0,0,0,0,0,0,0,0,0,0,0,0,0,'',0,3,0,0,0,1,68157552,'hunter_bot',-1),
 (@BOT_START+0209,16816,0,16816,0,'Oninath','Hunter Bot','',0,1,90,2,14,14,1,1.2,1.3,1,0,0,2800,2000,2,0,16384,0,0,0,0,3,10,7,0,0,0,0,0,0,0,0,0,0,0,0,0,0,0,0,0,0,0,0,0,0,'',0,3,0,0,0,1,68157552,'hunter_bot',-1),
 (@BOT_START+0210,16829,0,16829,0,'Bachi','Paladin Bot','',0,1,90,2,14,14,1,1.2,1.3,1,0,0,2300,2000,2,0,16384,0,0,0,0,2,10,7,0,0,0,0,0,0,0,0,0,0,0,0,0,0,0,0,0,0,0,0,0,0,'',0,3,0,0,0,1,68157552,'paladin_bot',-1),
 (@BOT_START+0211,16767,0,16767,0,'Zelanis','Rogue Bot','',0,1,90,2,14,14,1,1.2,1.3,1,0,0,1600,2000,4,0,16384,0,0,0,0,4,10,7,0,0,0,0,0,0,0,0,0,0,0,0,0,0,0,0,0,0,0,0,0,0,'',0,3,0,0,0,1,68157552,'rogue_bot',-1),
 (@BOT_START+0212,16798,0,16798,0,'Elara','Rogue Bot','',0,1,90,2,14,14,1,1.2,1.3,1,0,0,1600,2000,4,0,16384,0,0,0,0,4,10,7,0,0,0,0,0,0,0,0,0,0,0,0,0,0,0,0,0,0,0,0,0,0,'',0,3,0,0,0,1,68157552,'rogue_bot',-1),
 (@BOT_START+0213,16858,0,16858,0,'Shalannius','Druid Bot','',0,1,90,2,14,14,1,1.2,1.3,1,0,0,2200,2000,2,0,16384,0,0,0,0,11,6,7,0,0,0,0,0,0,0,0,0,0,0,0,0,0,0,0,0,0,0,0,0,0,'',0,3,0,0,0,1,68157552,'druid_bot',-1),
 (@BOT_START+0214,17434,0,17434,0,'Deremiis','Hunter Bot','',0,1,90,2,14,14,1,1.2,1.3,1,0,0,2800,2000,2,0,16384,0,0,0,0,3,11,7,0,0,0,0,0,0,0,0,0,0,0,0,0,0,0,0,0,0,0,0,0,0,'',0,3,0,0,0,1,68157552,'hunter_bot',-1),
 (@BOT_START+0215,17247,0,17247,0,'Caedmos','Priest Bot','',0,1,90,2,14,14,1,1.2,1.3,1,0,0,3600,2000,8,0,16384,0,0,0,0,5,11,7,0,0,0,0,0,0,0,0,0,0,0,0,0,0,0,0,0,0,0,0,0,0,'',0,3,0,0,0,1,68157552,'priest_bot',-1),
 (@BOT_START+0216,17225,0,17225,0,'Baatun','Paladin Bot','',0,1,90,2,14,14,1,1.2,1.3,1,0,0,2300,2000,2,0,16384,0,0,0,0,2,11,7,0,0,0,0,0,0,0,0,0,0,0,0,0,0,0,0,0,0,0,0,0,0,'',0,3,0,0,0,1,68157552,'paladin_bot',-1),
 (@BOT_START+0217,17212,0,17212,0,'Ahonan','Warrior Bot','',0,1,90,2,14,14,1,1.2,1.3,1,0,0,3400,2000,1,0,16384,0,0,0,0,1,11,7,0,0,0,0,0,0,0,0,0,0,0,0,0,0,0,0,0,0,0,0,0,0,'',0,3,0,0,0,1,68157552,'warrior_bot',-1),
 (@BOT_START+0218,17598,0,17598,0,'Firmanvaar','Shaman Bot','',0,1,90,2,14,14,1,1.2,1.3,1,0,0,2600,2000,2,0,16384,0,0,0,0,7,11,7,0,0,0,0,0,0,0,0,0,0,0,0,0,0,0,0,0,0,0,0,0,0,'',0,3,0,0,0,1,68157552,'shaman_bot',-1),
 (@BOT_START+0219,16860,0,16860,0,'Actron','Hunter Bot','',0,1,90,2,14,14,1,1.2,1.3,1,0,0,2800,2000,2,0,16384,0,0,0,0,3,11,7,0,0,0,0,0,0,0,0,0,0,0,0,0,0,0,0,0,0,0,0,0,0,'',0,3,0,0,0,1,68157552,'hunter_bot',-1),
 (@BOT_START+0220,17213,0,17213,0,'Behomat','Warrior Bot','',0,1,90,2,14,14,1,1.2,1.3,1,0,0,3400,2000,1,0,16384,0,0,0,0,1,11,7,0,0,0,0,0,0,0,0,0,0,0,0,0,0,0,0,0,0,0,0,0,0,'',0,3,0,0,0,1,68157552,'warrior_bot',-1),
 (@BOT_START+0221,17600,0,17600,0,'Nobundo','Shaman Bot','',0,1,90,2,14,14,1,1.2,1.3,1,0,0,2600,2000,2,0,16384,0,0,0,0,7,11,7,0,0,0,0,0,0,0,0,0,0,0,0,0,0,0,0,0,0,0,0,0,0,'',0,3,0,0,0,1,68157552,'shaman_bot',-1),
 (@BOT_START+0222,17599,0,17599,0,'Tuluun','Shaman Bot','',0,1,90,2,14,14,1,1.2,1.3,1,0,0,2600,2000,2,0,16384,0,0,0,0,7,11,7,0,0,0,0,0,0,0,0,0,0,0,0,0,0,0,0,0,0,0,0,0,0,'',0,3,0,0,0,1,68157552,'shaman_bot',-1),
 (@BOT_START+0223,16914,0,16914,0,'Sulaa','Shaman Bot','',0,1,90,2,14,14,1,1.2,1.3,1,0,0,2600,2000,2,0,16384,0,0,0,0,7,11,7,0,0,0,0,0,0,0,0,0,0,0,0,0,0,0,0,0,0,0,0,0,0,'',0,3,0,0,0,1,68157552,'shaman_bot',-1),
 (@BOT_START+0224,17215,0,17215,0,'Ruada','Warrior Bot','',0,1,90,2,14,14,1,1.2,1.3,1,0,0,3400,2000,1,0,16384,0,0,0,0,1,11,7,0,0,0,0,0,0,0,0,0,0,0,0,0,0,0,0,0,0,0,0,0,0,'',0,3,0,0,0,1,68157552,'warrior_bot',-1),
 (@BOT_START+0225,17233,0,17233,0,'Semid','Mage Bot','',0,1,90,2,14,14,1,1.2,1.3,1,0,0,3800,2000,8,0,16384,0,0,0,0,8,11,7,0,0,0,0,0,0,0,0,0,0,0,0,0,0,0,0,0,0,0,0,0,0,'',0,3,0,0,0,1,68157552,'mage_bot',-1),
 (@BOT_START+0226,17232,0,17232,0,'Guvan','Priest Bot','',0,1,90,2,14,14,1,1.2,1.3,1,0,0,3600,2000,8,0,16384,0,0,0,0,5,11,7,0,0,0,0,0,0,0,0,0,0,0,0,0,0,0,0,0,0,0,0,0,0,'',0,3,0,0,0,1,68157552,'priest_bot',-1),
 (@BOT_START+0227,17234,0,17234,0,'Tullas','Paladin Bot','',0,1,90,2,14,14,1,1.2,1.3,1,0,0,2300,2000,2,0,16384,0,0,0,0,2,11,7,0,0,0,0,0,0,0,0,0,0,0,0,0,0,0,0,0,0,0,0,0,0,'',0,3,0,0,0,1,68157552,'paladin_bot',-1),
 (@BOT_START+0228,17488,0,17488,0,'Killac','Hunter bot','',0,1,90,2,14,14,1,1.2,1.3,1,0,0,2800,2000,2,0,16384,0,0,0,0,3,11,7,0,0,0,0,0,0,0,0,0,0,0,0,0,0,0,0,0,0,0,0,0,0,'',0,3,0,0,0,1,68157552,'hunter_bot',-1),
 (@BOT_START+0229,17226,0,17226,0,'Jol','Paladin Bot','',0,1,90,2,14,14,1,1.2,1.3,1,0,0,2300,2000,2,0,16384,0,0,0,0,2,11,7,0,0,0,0,0,0,0,0,0,0,0,0,0,0,0,0,0,0,0,0,0,0,'',0,3,0,0,0,1,68157552,'paladin_bot',-1),
 (@BOT_START+0230,17248,0,17248,0,'Fallat','Priest Bot','',0,1,90,2,14,14,1,1.2,1.3,1,0,0,3600,2000,8,0,16384,0,0,0,0,5,11,7,0,0,0,0,0,0,0,0,0,0,0,0,0,0,0,0,0,0,0,0,0,0,'',0,3,0,0,0,1,68157552,'priest_bot',-1),
 (@BOT_START+0231,17243,0,17243,0,'Harnan','Mage Bot','',0,1,90,2,14,14,1,1.2,1.3,1,0,0,3800,2000,8,0,16384,0,0,0,0,8,11,7,0,0,0,0,0,0,0,0,0,0,0,0,0,0,0,0,0,0,0,0,0,0,'',0,3,0,0,0,1,68157552,'mage_bot',-1),
 (@BOT_START+0232,17241,0,17241,0,'Bati','Mage Bot','',0,1,90,2,14,14,1,1.2,1.3,1,0,0,3800,2000,8,0,16384,0,0,0,0,8,11,7,0,0,0,0,0,0,0,0,0,0,0,0,0,0,0,0,0,0,0,0,0,0,'',0,3,0,0,0,1,68157552,'mage_bot',-1),
 (@BOT_START+0233,17792,0,17792,0,'Hobahken','Shaman Bot','',0,1,90,2,14,14,1,1.2,1.3,1,0,0,2600,2000,2,0,16384,0,0,0,0,7,11,7,0,0,0,0,0,0,0,0,0,0,0,0,0,0,0,0,0,0,0,0,0,0,'',0,3,0,0,0,1,68157552,'shaman_bot',-1),
 (@BOT_START+0234,6820,0,6820,0,'Gurrag','Shaman Bot','',0,1,90,2,14,14,1,1.2,1.3,1,0,0,2600,2000,2,0,16384,0,0,0,0,7,11,7,0,0,0,0,0,0,0,0,0,0,0,0,0,0,0,0,0,0,0,0,0,0,'',0,3,0,0,0,1,68157552,'shaman_bot',-1),
 (@BOT_START+0235,19596,0,19596,0,'Auberose','Paladin Bot','',0,1,90,2,14,14,1,1.2,1.3,1,0,0,2300,2000,2,0,16384,0,0,0,0,2,10,7,0,0,0,0,0,0,0,0,0,0,0,0,0,0,0,0,0,0,0,0,0,0,'',0,3,0,0,0,1,68157552,'paladin_bot',-1),
 (@BOT_START+0236,10335,10335,10335,10335,'Afina','Priest Bot','',0,1,90,2,14,14,1,1.2,1.3,1,0,0,3600,2000,8,0,16384,0,0,0,0,5,1,7,1,0,0,0,0,0,0,0,0,0,0,0,0,0,0,0,0,0,0,0,0,0,'',0,3,0,0,0,1,68157552,'priest_bot',-1),
 (@BOT_START+0237,26939,26939,26939,26939,'Imhadria','Death Knight Bot','',0,1,90,2,14,14,1,1.2,1.3,1,0,0,3300,2000,1,0,16384,0,0,0,0,6,10,7,0,0,0,0,0,0,0,0,0,0,0,0,0,0,0,0,0,0,0,0,0,0,'',0,3,0,0,0,1,68157552,'death_knight_bot',-1),
 (@BOT_START+0238,28039,28039,28039,28039,'Mynx','Death Knight Bot','',0,1,90,2,14,14,1,1.2,1.3,0.8,0,0,3300,2000,1,0,16384,0,0,0,0,6,10,7,0,0,0,0,0,0,0,0,0,0,0,0,0,0,0,0,0,0,0,0,0,0,'',0,3,0,0,0,1,68157552,'death_knight_bot',-1),
 (@BOT_START+0239,26688,26688,26688,26688,'Lankral','Death Knight Bot','',0,1,90,2,14,14,1,1.2,1.3,1,0,0,3300,2000,1,0,16384,0,0,0,0,6,1,7,0,0,0,0,0,0,0,0,0,0,0,0,0,0,0,0,0,0,0,0,0,0,'',0,3,0,0,0,1,68157552,'death_knight_bot',-1),
 (@BOT_START+0240,26195,26195,26195,26195,'Silver','Death Knight Bot','',0,1,90,2,14,14,1,1.2,1.3,1,0,0,3300,2000,1,0,16384,0,0,0,0,6,10,7,0,0,0,0,0,0,0,0,0,0,0,0,0,0,0,0,0,0,0,0,0,0,'',0,3,0,0,0,1,68157552,'death_knight_bot',-1),
 (@BOT_START+0241,27402,27402,27402,27402,'Vereth','Death Knight Bot','',0,1,90,2,14,14,1,1.2,1.3,0.8,0,0,3300,2000,1,0,16384,0,0,0,0,6,5,7,0,0,0,0,0,0,0,0,0,0,0,0,0,0,0,0,0,0,0,0,0,0,'',0,3,0,0,0,1,68157552,'death_knight_bot',-1),
 (@BOT_START+0242,27189,27189,27189,27189,'Arly','Death Knight Bot','',0,1,90,2,14,14,1,1.2,1.3,1,0,0,3300,2000,1,0,16384,0,0,0,0,6,7,7,0,0,0,0,0,0,0,0,0,0,0,0,0,0,0,0,0,0,0,0,0,0,'',0,3,0,0,0,1,68157552,'death_knight_bot',-1),
 (@BOT_START+0243,26217,26217,26217,26217,'Setaal','Death Knight Bot','',0,1,90,2,14,14,1,1.2,1.3,1,0,0,3300,2000,1,0,16384,0,0,0,0,6,11,7,0,0,0,0,0,0,0,0,0,0,0,0,0,0,0,0,0,0,0,0,0,0,'',0,3,0,0,0,1,68157552,'death_knight_bot',-1),
 (@BOT_START+0244,28842,28842,28842,28842,'Illyrie','Death Knight Bot','',0,1,90,2,14,14,1,1.2,1.3,1,0,0,3300,2000,1,0,16384,0,0,0,0,6,4,7,0,0,0,0,0,0,0,0,0,0,0,0,0,0,0,0,0,0,0,0,0,0,'',0,3,0,0,0,1,68157552,'death_knight_bot',-1),
 (@BOT_START+0245,28840,28840,28840,28840,'Zor\'be','Death Knight Bot','',0,1,90,2,14,14,1,1.2,1.3,1,0,0,3300,2000,1,0,16384,0,0,0,0,6,8,7,0,0,0,0,0,0,0,0,0,0,0,0,0,0,0,0,0,0,0,0,0,0,'',0,3,0,0,0,1,68157552,'death_knight_bot',-1),
 (@BOT_START+0246,25512,25512,25512,25512,'Datura','Death Knight Bot','',0,1,90,2,14,14,1,1.2,1.3,1,0,0,3300,2000,1,0,16384,0,0,0,0,6,10,7,0,0,0,0,0,0,0,0,0,0,0,0,0,0,0,0,0,0,0,0,0,0,'',0,3,0,0,0,1,68157552,'death_knight_bot',-1),
 (@BOT_START+0247,1132,0,1132,0,'Voidwalker','Warlock\'s Pet Bot',NULL,0,1,90,2,14,14,0,1.2,    1.3,1,0,0,2000,2000,2,0,0,0,16,0,0,0,0,3,0,0,0,0,0,0,0,0,0,0,0,0,   0,0,0,0,0,0,0,0,0,0,    '',0,3,0,  0,0,1,1048688,'voidwalker_bot',-1),
 (@BOT_START+0248,1105,     0,    0,    0,'Hunter\'s Pet',          NULL,NULL,0,1,90,0,14,14,0,1.1,1.14286,1,0,0,2000,   0,1,0,0,0,7,0,0,0,0,1,1,0,0,0,0,0,0,0,0,0,5708,0,0,0,0,0,0,0,0,0,0,0,'',0,3,0,149,1,0,0,'',-1),
 (@BOT_START+0301,17659,17659,17659,17659,'Gorkramato','Ex. Blademaster',    '',0,91,91,2,14,14,1,1.2,1.3, 1.05,4,0,2200,2000,1,0,16384,0,0,0,0,12,2,7,0,0,0,0,0,0,0,0,0,0,0,0,0,0,0,0,0,0,0,0,0,0,'',0,3,0,0,0,1,68157560,'blademaster_bot',-1),
 (@BOT_START+1000,16853,16853,16853,16853,'Airen','Priestess of Suffering',NULL,0,95,95,1,14,14,1,1.2,1.3,1.173,4,0,1500,0,1,898,49152,2,0,0,0, 0,0,3,67110912,0,0,0,450,450,450,450,450,450,0,0,0,0,0,0,0,0,0,0,0,0,'',0,3,1,0,0,617299839,1048946,'npc_Airen_qI',-213);

-- EQUIPS --

DELETE FROM `creature_equip_template` WHERE `entry` BETWEEN @BOT_START AND @BOT_END;
-- 3.3.5 insert into `creature_equip_template` (`CreatureID`, `ID`, `itemID1`, `itemID2`, `itemID3`, `VerifiedBuild`) values
INSERT INTO `creature_equip_template` (`entry`, `itemEntry1`, `itemEntry2`, `itemEntry3`) VALUES
(@BOT_START+0001,'18842','0','0'), (@BOT_START+0002,'18842','0','0'), (@BOT_START+0003,'18842','0','0'), (@BOT_START+0004,'31289','0','0'), (@BOT_START+0005,'31289','0','0'), (@BOT_START+0006,'31289','0','0'),
(@BOT_START+0007,'31186','0','0'), (@BOT_START+0008,'31186','0','0'), (@BOT_START+0009,'31186','0','0'), (@BOT_START+0010,'2291','0','2825'), (@BOT_START+0011,'31289','0','0'), (@BOT_START+0012,'2291','0','2825'),
(@BOT_START+0013,'18002','0','0'), (@BOT_START+0014,'27903','0','0'), (@BOT_START+0015,'7723','0','0'), (@BOT_START+0016,'13984','6448','0'), (@BOT_START+0017,'13984','6448','0'), (@BOT_START+0018,'6633','820','0'),
(@BOT_START+0019,'13984','6448','0'), (@BOT_START+0020,'12584','18825','0'), (@BOT_START+0021,'18876','0','0'), (@BOT_START+0022,'12584','18825','0'), (@BOT_START+0023,'18876','0','0'), (@BOT_START+0024,'18842','0','0'),
(@BOT_START+0025,'18203','18202','0'), (@BOT_START+0026,'31186','0','0'), (@BOT_START+0027,'31289','0','0'), (@BOT_START+0028,'18842','0','0'), (@BOT_START+0029,'28367','0','0'), (@BOT_START+0030,'12584','18825','0'),
(@BOT_START+0031,'13984','6448','0'), (@BOT_START+0032,'27903','0','0'), (@BOT_START+0033,'18002','0','0'), (@BOT_START+0034,'31289','0','0'), (@BOT_START+0035,'18842','0','0'), (@BOT_START+0036,'31186','0','0'),
(@BOT_START+0037,'31186','0','0'), (@BOT_START+0038,'18842','0','0'), (@BOT_START+0039,'31289','0','0'), (@BOT_START+0041,'18842','0','0'), (@BOT_START+0042,'18842','0','0'), (@BOT_START+0043,'18203','18202','0'),
(@BOT_START+0044,'18203','18202','0'), (@BOT_START+0045,'18203','18202','0'), (@BOT_START+0046,'18203','18202','0'), (@BOT_START+0047,'25622','0','0'), (@BOT_START+0048,'25622','0','0'), (@BOT_START+0049,'25622','0','0'),
(@BOT_START+0050,'2291','0','2825'), (@BOT_START+0051,'2291','0','2825'), (@BOT_START+0052,'2291','0','2825'), (@BOT_START+0053,'18002','0','0'), (@BOT_START+0054,'27903','0','0'), (@BOT_START+0055,'28367','0','0'),
(@BOT_START+0056,'31289','0','0'), (@BOT_START+0057,'31289','0','0'), (@BOT_START+0058,'31289','0','0'), (@BOT_START+0059,'18842','0','0'), (@BOT_START+0060,'18842','0','0'), (@BOT_START+0061,'18842','0','0'),
(@BOT_START+0062,'28367','0','0'), (@BOT_START+0063,'25622','0','0'), (@BOT_START+0064,'2291','0','2825'), (@BOT_START+0065,'18203','18202','0'), (@BOT_START+0066,'18002','0','0'), (@BOT_START+0067,'25622','0','0'),
(@BOT_START+0068,'2291','0','2825'), (@BOT_START+0069,'18203','18202','0'), (@BOT_START+0070,'27903','0','0'), (@BOT_START+0071,'2291','0','2825'), (@BOT_START+0072,'31186','0','0'), (@BOT_START+0073,'18203','18202','0'),
(@BOT_START+0074,'18002','0','0'), (@BOT_START+0075,'2291','0','2825'), (@BOT_START+0076,'31186','0','0'), (@BOT_START+0077,'18203','18202','0'), (@BOT_START+0078,'31186','0','0'), (@BOT_START+0079,'31186','0','0'),
(@BOT_START+0080,'31186','0','0'), (@BOT_START+0081,'18203','18202','0'), (@BOT_START+0082,'2291','0','2825'), (@BOT_START+0083,'7723','0','0'), (@BOT_START+0084,'18002','0','0'), (@BOT_START+0085,'18203','18202','0'),
(@BOT_START+0086,'2291','0','2825'), (@BOT_START+0087,'2291','0','2825'), (@BOT_START+0088,'27903','0','0'), (@BOT_START+0089,'2291','0','2825'), (@BOT_START+0090,'28367','0','0'), (@BOT_START+0091,'6633','820','0'),
(@BOT_START+0092,'31289','0','0'), (@BOT_START+0093,'25622','0','0'), (@BOT_START+0094,'18002','0','0'), (@BOT_START+0095,'13984','6448','0'), (@BOT_START+0096,'31289','0','0'), (@BOT_START+0097,'25622','0','0'),
(@BOT_START+0098,'2291','0','2825'), (@BOT_START+0099,'2291','0','2825'),
(@BOT_START+0100,'2291','0','2825'), (@BOT_START+0101,'31289','0','0'), (@BOT_START+0102,'31289','0','0'), (@BOT_START+0103,'2291','0','2825'), (@BOT_START+0104,'7723','0','0'), (@BOT_START+0105,'18002','0','0'),
(@BOT_START+0106,'31289','0','0'), (@BOT_START+0107,'31289','0','0'), (@BOT_START+0108,'31289','0','0'), (@BOT_START+0109,'13984','6448','0'), (@BOT_START+0110,'18842','0','0'), (@BOT_START+0111,'6633','820','0'),
(@BOT_START+0112,'13984','6448','0'), (@BOT_START+0113,'25622','0','0'), (@BOT_START+0114,'25622','0','0'), (@BOT_START+0115,'2291','0','2825'), (@BOT_START+0116,'31186','0','0'), (@BOT_START+0117,'31186','0','0'),
(@BOT_START+0118,'31186','0','0'), (@BOT_START+0119,'18842','0','0'), (@BOT_START+0120,'18842','0','0'), (@BOT_START+0121,'18842','0','0'), (@BOT_START+0122,'27903','0','0'), (@BOT_START+0123,'18002','0','0'),
(@BOT_START+0124,'7723','0','0'), (@BOT_START+0125,'18002','0','0'), (@BOT_START+0126,'28367','0','0'), (@BOT_START+0127,'2291','0','2825'), (@BOT_START+0128,'2291','0','2825'), (@BOT_START+0129,'2291','0','2825'),
(@BOT_START+0130,'31289','0','0'), (@BOT_START+0131,'31289','0','0'), (@BOT_START+0132,'31289','0','0'), (@BOT_START+0134,'18842','0','0'), (@BOT_START+0135,'18842','0','0'), (@BOT_START+0136,'18842','0','0'),
(@BOT_START+0137,'18876','0','0'), (@BOT_START+0138,'12584','18825','0'), (@BOT_START+0139,'18876','0','0'), (@BOT_START+0140,'6633','820','0'), (@BOT_START+0141,'13984','6448','0'), (@BOT_START+0142,'6633','820','0'),
(@BOT_START+0143,'31186','0','0'), (@BOT_START+0144,'31186','0','0'), (@BOT_START+0145,'31186','0','0'), (@BOT_START+0146,'27903','0','0'), (@BOT_START+0147,'18002','0','0'), (@BOT_START+0148,'31289','0','0'),
(@BOT_START+0149,'12584','18825','0'), (@BOT_START+0150,'18876','0','0'),
(@BOT_START+0151,'31186','0','0'), (@BOT_START+0152,'31186','0','0'), (@BOT_START+0153,'18842','0','0'), (@BOT_START+0154,'18842','0','0'), (@BOT_START+0155,'2291','0','2825'), (@BOT_START+0156,'25622','0','0'),
(@BOT_START+0157,'25622','0','0'), (@BOT_START+0158,'2291','0','2825'), (@BOT_START+0159,'2291','0','2825'), (@BOT_START+0160,'2291','0','2825'), (@BOT_START+0161,'18842','0','0'), (@BOT_START+0162,'18842','0','0'),
(@BOT_START+0163,'18842','0','0'), (@BOT_START+0164,'18842','0','0'), (@BOT_START+0165,'18842','0','0'), (@BOT_START+0166,'18842','0','0'), (@BOT_START+0167,'18842','0','0'), (@BOT_START+0168,'31289','0','0'),
(@BOT_START+0169,'31289','0','0'), (@BOT_START+0170,'31289','0','0'), (@BOT_START+0171,'18842','0','0'), (@BOT_START+0172,'18842','0','0'), (@BOT_START+0173,'28367','0','0'), (@BOT_START+0174,'12584','18825','0'),
(@BOT_START+0175,'7723','0','0'), (@BOT_START+0176,'25622','0','0'), (@BOT_START+0177,'2291','0','2825'), (@BOT_START+0178,'25622','0','0'), (@BOT_START+0179,'2291','0','2825'), (@BOT_START+0180,'2291','0','2825'),
(@BOT_START+0181,'2291','0','2825'), (@BOT_START+0182,'2291','0','2825'), (@BOT_START+0183,'31289','0','0'), (@BOT_START+0184,'31289','0','0'), (@BOT_START+0185,'31289','0','0'), (@BOT_START+0186,'25622','0','0'),
(@BOT_START+0187,'13984','6448','0'), (@BOT_START+0188,'18203','18202','0'), (@BOT_START+0189,'18842','0','0'), (@BOT_START+0190,'12584','18826','0'), (@BOT_START+0191,'31186','0','0'), (@BOT_START+0192,'31289','0','0'),
(@BOT_START+0193,'13984','6448','0'), (@BOT_START+0194,'2291','0','2825'), (@BOT_START+0195,'12584','18826','0'), (@BOT_START+0196,'31289','0','0'), (@BOT_START+0197,'2291','0','2825'), (@BOT_START+0198,'18842','0','0'),
(@BOT_START+0199,'18876','0','0'), (@BOT_START+0200,'31289','0','0'),
(@BOT_START+0201,'27903','0','0'), (@BOT_START+0202,'31186','0','0'), (@BOT_START+0203,'31186','0','0'), (@BOT_START+0204,'31186','0','0'), (@BOT_START+0205,'18842','0','0'), (@BOT_START+0206,'18842','0','0'),
(@BOT_START+0207,'25622','0','0'), (@BOT_START+0208,'2291','0','2825'), (@BOT_START+0209,'2291','0','2825'), (@BOT_START+0210,'12584','18826','0'), (@BOT_START+0211,'6633','820','0'), (@BOT_START+0212,'13984','6448','0'),
(@BOT_START+0213,'25622','0','0'), (@BOT_START+0214,'2291','0','2825'), (@BOT_START+0215,'31289','0','0'), (@BOT_START+0216,'18876','0','0'), (@BOT_START+0217,'28367','0','0'), (@BOT_START+0218,'18203','18202','0'),
(@BOT_START+0219,'2291','0','2825'), (@BOT_START+0220,'18002','0','0'), (@BOT_START+0221,'18203','18202','0'), (@BOT_START+0222,'18203','18202','0'), (@BOT_START+0223,'18203','18202','0'), (@BOT_START+0224,'27903','0','0'),
(@BOT_START+0225,'18842','0','0'), (@BOT_START+0226,'31289','0','0'), (@BOT_START+0227,'12584','18825','0'), (@BOT_START+0228,'2291','0','2825'), (@BOT_START+0229,'18876','0','0'), (@BOT_START+0230,'31289','0','0'),
(@BOT_START+0231,'18842','0','0'), (@BOT_START+0232,'18842','0','0'), (@BOT_START+0233,'18203','18202','0'), (@BOT_START+0234,'18203','18202','0'), (@BOT_START+0235,'29175','18826','0'), (@BOT_START+0236,'31289','0','0'),
(@BOT_START+0237,'13505','0','0'), (@BOT_START+0238,'12775','0','0'), (@BOT_START+0239,'24044','0','0'), (@BOT_START+0240,'43601','0','0'), (@BOT_START+0241,'23499','0','0'), (@BOT_START+0242,'38632','0','0'),
(@BOT_START+0243,'34891','0','0'), (@BOT_START+0244,'38632','0','0'), (@BOT_START+0245,'50798','0','0'), (@BOT_START+0246,'12592','0','0'), (@BOT_START+0301,'24044','0','0'),
(@BOT_START+1000,'30902','0','0');

-- -- -- Update 18.09.13 - Equips for shamans
-- Orcs and Draenei. Mainhand: Cudgel of Furious Justice, Offhand: Azure-Shield of Coldarra
UPDATE `creature_equip_template` SET `itemEntry1` = '50050', `itemEntry2` = '29266', `itemEntry3` = '0'
 WHERE `entry` IN (SELECT entry FROM `creature_template` WHERE (`entry` BETWEEN @BOT_START AND @BOT_END) AND `trainer_class` = '7' AND (`trainer_race` = '2' OR `trainer_race` = '11'));
-- Taurens and some Draenei. De-Raged Waraxe (Two-Hand)
UPDATE `creature_equip_template` SET `itemEntry1` = '41816', `itemEntry2` = '0', `itemEntry3` = '0'
 WHERE `entry` IN (SELECT entry FROM `creature_template` WHERE (`entry` BETWEEN @BOT_START AND @BOT_END) AND `trainer_class` = '7' AND (`trainer_race` = '6' OR `entry` IN (@BOT_START+0218,@BOT_START+0222,@BOT_START+0223,@BOT_START+0233)));

-- GOSSIPS --

delete from `npc_text` where ID between @BOT_START and @BOT_END;
insert into `npc_text` (`ID`, `text0_0`, `text0_1`, `lang0`, `prob0`, `em0_0`, `em0_1`, `em0_2`, `em0_3`, `em0_4`, `em0_5`, `text1_0`, `text1_1`, `lang1`, `prob1`, `em1_0`, `em1_1`, `em1_2`, `em1_3`, `em1_4`, `em1_5`, `text2_0`, `text2_1`, `lang2`, `prob2`, `em2_0`, `em2_1`, `em2_2`, `em2_3`, `em2_4`, `em2_5`, `text3_0`, `text3_1`, `lang3`, `prob3`, `em3_0`, `em3_1`, `em3_2`, `em3_3`, `em3_4`, `em3_5`,
`text4_0`, `text4_1`, `lang4`, `prob4`, `em4_0`, `em4_1`, `em4_2`, `em4_3`, `em4_4`, `em4_5`, `text5_0`, `text5_1`, `lang5`, `prob5`, `em5_0`, `em5_1`, `em5_2`, `em5_3`, `em5_4`, `em5_5`, `text6_0`, `text6_1`, `lang6`, `prob6`, `em6_0`, `em6_1`, `em6_2`, `em6_3`, `em6_4`, `em6_5`, `text7_0`, `text7_1`, `lang7`, `prob7`, `em7_0`, `em7_1`, `em7_2`, `em7_3`, `em7_4`, `em7_5`, `WDBVerified`) VALUES
(@BOT_START+0001,'I live only to serve the master.','','0','1','0','0','0','0','0','0','','','0','0','0','0','0','0','0','0','','','0','0','0','0','0','0','0','0','','','0','0','0','0','0','0','0','0','','','0','0','0','0','0','0','0','0','','','0','0','0','0','0','0','0','0','','','0','0','0','0','0','0','0','0','','','0','0','0','0','0','0','0','0','-213'),
(@BOT_START+0002,'You need something?','','0','1','0','0','0','0','0','0','','','0','0','0','0','0','0','0','0','','','0','0','0','0','0','0','0','0','','','0','0','0','0','0','0','0','0','','','0','0','0','0','0','0','0','0','','','0','0','0','0','0','0','0','0','','','0','0','0','0','0','0','0','0','','','0','0','0','0','0','0','0','0','-213'),
(@BOT_START+0003,'Mortals... usually I kill wretches like you at sight.',NULL,'0','1','396','0','0','0','0','0',NULL,NULL,'0','0','0','0','0','0','0','0',NULL,NULL,'0','0','0','0','0','0','0','0',NULL,NULL,'0','0','0','0','0','0','0','0',NULL,NULL,'0','0','0','0','0','0','0','0',NULL,NULL,'0','0','0','0','0','0','0','0',NULL,NULL,'0','0','0','0','0','0','0','0',NULL,NULL,'0','0','0','0','0','0','0','0','-213');


-- OUTFITS --
-- Npc Dress mod by Rochet2
CREATE TABLE IF NOT EXISTS `creature_template_outfits` (
    `entry` INT(10) UNSIGNED NOT NULL,
    `race` tinyint(3) UNSIGNED NOT NULL DEFAULT '1',
    `gender` tinyint(3) UNSIGNED NOT NULL DEFAULT '0' COMMENT '0 for male, 1 for female',
    `skin` tinyint(3) UNSIGNED NOT NULL DEFAULT '0',
    `face` tinyint(3) UNSIGNED NOT NULL DEFAULT '0',
    `hair` tinyint(3) UNSIGNED NOT NULL DEFAULT '0',
    `haircolor` tinyint(3) UNSIGNED NOT NULL DEFAULT '0',
    `facialhair` tinyint(3) UNSIGNED NOT NULL DEFAULT '0',
    `head` INT(10) UNSIGNED NOT NULL DEFAULT '0',
    `shoulders` INT(10) UNSIGNED NOT NULL DEFAULT '0',
    `body` INT(10) UNSIGNED NOT NULL DEFAULT '0',
    `chest` INT(10) UNSIGNED NOT NULL DEFAULT '0',
    `waist` INT(10) UNSIGNED NOT NULL DEFAULT '0',
    `legs` INT(10) UNSIGNED NOT NULL DEFAULT '0',
    `feet` INT(10) UNSIGNED NOT NULL DEFAULT '0',
    `wrists` INT(10) UNSIGNED NOT NULL DEFAULT '0',
    `hands` INT(10) UNSIGNED NOT NULL DEFAULT '0',
    `back` INT(10) UNSIGNED NOT NULL DEFAULT '0',
    `tabard` INT(10) UNSIGNED NOT NULL DEFAULT '0',
    PRIMARY KEY  (`entry`)
) ENGINE=InnoDB DEFAULT CHARSET=utf8;
-- End Npc Dress mod

replace into `creature_template_outfits` (`entry`, `race`, `gender`, `skin`, `face`, `hair`, `haircolor`, `facialhair`, `head`, `shoulders`, `body`, `chest`, `waist`, `legs`, `feet`, `wrists`, `hands`, `back`, `tabard`)
values
(@BOT_START+0301,'2','0','0','14','9','7','5','0','0','0','0','59194','64674','0','36248','0','0','0'), -- Blademaster
(@BOT_START+1000,'11','1','0','5','0','6','0','0','53903','21842','35049','35058','35051','35067','35044','0','0','0'); -- Airen


-- Customize section
-- You can create your own values to be in line with your own server if these are not acceptable.

SET @CLASS_WARRIOR = 1;
SET @CLASS_PALADIN = 2;
SET @CLASS_HUNTER  = 3;
SET @CLASS_ROGUE   = 4;
SET @CLASS_PRIEST  = 5;
SET @CLASS_DK      = 6;
SET @CLASS_SHAMAN  = 7;
SET @CLASS_MAGE    = 8;
SET @CLASS_WARLOCK = 9;
SET @CLASS_DRUID   = 11;
SET @CLASS_BM      = 12;

-- ----- Add flags_extra
-- ----- Update 6.04.14 - extra flags for recognizing bots core-side - CREATURE_FLAG_EXTRA_NPCBOT

SET @EX_NO_PARRY_HASTEN = 8;  -- 0x00000008 - CREATURE_FLAG_EXTRA_NO_PARRY_HASTEN
SET @EX_NO_BLOCK        = 16; -- 0x00000010 - CREATURE_FLAG_EXTRA_NO_BLOCK
SET @EX_NO_CRUSH        = 32; -- 0x00000020 - CREATURE_FLAG_EXTRA_NO_CRUSH
SET @EX_NO_XP           = 64; -- 0x00000040 - CREATURE_FLAG_EXTRA_NO_XP_AT_KILL
SET @EX_DIMINISH        = 1048576; -- 0x00100000 - CREATURE_FLAG_EXTRA_ALL_DIMINISH
SET @EX_NPCBOT          = 67108864; -- 0x04000000 - CREATURE_FLAG_EXTRA_NPCBOT - custom flag
SET @FLAGS_EX           = @EX_NO_BLOCK | @EX_NO_CRUSH | @EX_NO_XP | @EX_DIMINISH | @EX_NPCBOT;
SET @FLAGS_EXN          = @EX_NO_BLOCK | @EX_NO_CRUSH | @EX_NO_XP | @EX_DIMINISH | @EX_NPCBOT | @EX_NO_PARRY_HASTEN;
SET @FLAGS_EX_PET       = @EX_NO_BLOCK | @EX_NO_CRUSH | @EX_NO_XP | @EX_DIMINISH;

-- Add extra 'unit_flags2' flags
SET @U2_ENEMY_INTERRACT = 16384; -- 0x00004000 - UNIT_FLAG2_ALLOW_ENEMY_INTERACT
SET @FLAGS_U2 = @U2_ENEMY_INTERRACT;

-- minions
UPDATE `creature_template` SET exp:=2, baseattacktime:=3300, rangeattacktime:=2000, dynamicflags:=0, speed_walk:=1.2, speed_run:=1.3, InhabitType:=3, mechanic_immune_mask:=1, flags_extra:=@FLAGS_EX, unit_flags2:=`unit_flags2`|@FLAGS_U2, AIName:='' where entry between @BOT_START and @BOT_END-1 and trainer_class=@CLASS_DK;
UPDATE `creature_template` SET exp:=2, baseattacktime:=2200, rangeattacktime:=2000, dynamicflags:=0, speed_walk:=1.2, speed_run:=1.3, InhabitType:=3, mechanic_immune_mask:=1, flags_extra:=@FLAGS_EX, unit_flags2:=`unit_flags2`|@FLAGS_U2, AIName:='' where entry between @BOT_START and @BOT_END-1 and trainer_class=@CLASS_DRUID;
UPDATE `creature_template` SET exp:=2, baseattacktime:=2800, rangeattacktime:=2000, dynamicflags:=0, speed_walk:=1.2, speed_run:=1.3, InhabitType:=3, mechanic_immune_mask:=1, flags_extra:=@FLAGS_EX, unit_flags2:=`unit_flags2`|@FLAGS_U2, AIName:='' where entry between @BOT_START and @BOT_END-1 and trainer_class=@CLASS_HUNTER;
UPDATE `creature_template` SET exp:=2, baseattacktime:=3800, rangeattacktime:=2000, dynamicflags:=0, speed_walk:=1.2, speed_run:=1.3, InhabitType:=3, mechanic_immune_mask:=1, flags_extra:=@FLAGS_EX, unit_flags2:=`unit_flags2`|@FLAGS_U2, AIName:='' where entry between @BOT_START and @BOT_END-1 and trainer_class=@CLASS_MAGE;
UPDATE `creature_template` SET exp:=2, baseattacktime:=2300, rangeattacktime:=2000, dynamicflags:=0, speed_walk:=1.2, speed_run:=1.3, InhabitType:=3, mechanic_immune_mask:=1, flags_extra:=@FLAGS_EX, unit_flags2:=`unit_flags2`|@FLAGS_U2, AIName:='' where entry between @BOT_START and @BOT_END-1 and trainer_class=@CLASS_PALADIN;
UPDATE `creature_template` SET exp:=2, baseattacktime:=3600, rangeattacktime:=2000, dynamicflags:=0, speed_walk:=1.2, speed_run:=1.3, InhabitType:=3, mechanic_immune_mask:=1, flags_extra:=@FLAGS_EX, unit_flags2:=`unit_flags2`|@FLAGS_U2, AIName:='' where entry between @BOT_START and @BOT_END-1 and trainer_class=@CLASS_PRIEST;
UPDATE `creature_template` SET exp:=2, baseattacktime:=1600, rangeattacktime:=2000, dynamicflags:=0, speed_walk:=1.2, speed_run:=1.3, InhabitType:=3, mechanic_immune_mask:=1, flags_extra:=@FLAGS_EX, unit_flags2:=`unit_flags2`|@FLAGS_U2, AIName:='' where entry between @BOT_START and @BOT_END-1 and trainer_class=@CLASS_ROGUE;
UPDATE `creature_template` SET exp:=2, baseattacktime:=2600, rangeattacktime:=2000, dynamicflags:=0, speed_walk:=1.2, speed_run:=1.3, InhabitType:=3, mechanic_immune_mask:=1, flags_extra:=@FLAGS_EX, unit_flags2:=`unit_flags2`|@FLAGS_U2, AIName:='' where entry between @BOT_START and @BOT_END-1 and trainer_class=@CLASS_SHAMAN;
UPDATE `creature_template` SET exp:=2, baseattacktime:=3500, rangeattacktime:=2000, dynamicflags:=0, speed_walk:=1.2, speed_run:=1.3, InhabitType:=3, mechanic_immune_mask:=1, flags_extra:=@FLAGS_EX, unit_flags2:=`unit_flags2`|@FLAGS_U2, AIName:='' where entry between @BOT_START and @BOT_END-1 and trainer_class=@CLASS_WARLOCK;
UPDATE `creature_template` SET exp:=2, baseattacktime:=3400, rangeattacktime:=2000, dynamicflags:=0, speed_walk:=1.2, speed_run:=1.3, InhabitType:=3, mechanic_immune_mask:=1, flags_extra:=@FLAGS_EX, unit_flags2:=`unit_flags2`|@FLAGS_U2, AIName:='' where entry between @BOT_START and @BOT_END-1 and trainer_class=@CLASS_WARRIOR;
UPDATE `creature_template` SET exp:=2, baseattacktime:=2200, rangeattacktime:=2000, dynamicflags:=0, speed_walk:=1.2, speed_run:=1.3, InhabitType:=3, mechanic_immune_mask:=1, flags_extra:=@FLAGS_EXN, unit_flags2:=`unit_flags2`|@FLAGS_U2, AIName:='' where entry between @BOT_START and @BOT_END-1 and trainer_class=@CLASS_BM;

-- pets
UPDATE `creature_template` SET exp:=2, baseattacktime:=2000, dynamicflags:=0, speed_walk:=1.2, speed_run:=1.3, InhabitType:=3, mechanic_immune_mask:=1, flags_extra:=@FLAGS_EX_PET, AIName:=''
where entry between @BOT_START and @BOT_END-1 and name='Voidwalker';

-- end